1,1,0.0055248618784530384,RandomParty@6,(Offer  bid:Bid[Food: Catering, Drinks: Catering, Location: Ballroom, Invitations: Plain, Music: Band, Cleanup: Hired Help, ])
1,2,0.0055248618784530384,ConcederNegotiationParty@7,(Offer  bid:Bid[Food: Catering, Drinks: Handmade Cocktails, Location: Party Room, Invitations: Custom, Printed, Music: MP3, Cleanup: Water and Soap, ])
1,3,0.0055248618784530384,AgentBuyogMain@8,(Offer  bid:Bid[Food: Chips and Nuts, Drinks: Non-Alcoholic, Location: Party Tent, Invitations: Plain, Music: Band, Cleanup: Hired Help, ])
2,1,0.011049723756906077,RandomParty@6,(Offer  bid:Bid[Food: Handmade Food, Drinks: Non-Alcoholic, Location: Party Room, Invitations: Plain, Music: Band, Cleanup: Hired Help, ])
2,2,0.011049723756906077,ConcederNegotiationParty@7,(Offer  bid:Bid[Food: Catering, Drinks: Handmade Cocktails, Location: Party Tent, Invitations: Custom, Printed, Music: MP3, Cleanup: Water and Soap, ])
2,3,0.011049723756906077,AgentBuyogMain@8,(Offer  bid:Bid[Food: Chips and Nuts, Drinks: Non-Alcoholic, Location: Party Tent, Invitations: Plain, Music: Band, Cleanup: Hired Help, ])
3,1,0.016574585635359115,RandomParty@6,(Offer  bid:Bid[Food: Catering, Drinks: Handmade Cocktails, Location: Your Dorm, Invitations: Photo, Music: MP3, Cleanup: Hired Help, ])
3,2,0.016574585635359115,ConcederNegotiationParty@7,(Offer  bid:Bid[Food: Catering, Drinks: Handmade Cocktails, Location: Your Dorm, Invitations: Plain, Music: MP3, Cleanup: Water and Soap, ])
3,3,0.016574585635359115,AgentBuyogMain@8,(Offer  bid:Bid[Food: Chips and Nuts, Drinks: Non-Alcoholic, Location: Party Tent, Invitations: Plain, Music: Band, Cleanup: Hired Help, ])
4,1,0.022099447513812154,RandomParty@6,(Offer  bid:Bid[Food: Catering, Drinks: Catering, Location: Your Dorm, Invitations: Plain, Music: Band, Cleanup: Water and Soap, ])
4,2,0.022099447513812154,ConcederNegotiationParty@7,(Offer  bid:Bid[Food: Catering, Drinks: Handmade Cocktails, Location: Party Tent, Invitations: Plain, Music: Band, Cleanup: Water and Soap, ])
4,3,0.022099447513812154,AgentBuyogMain@8,(Offer  bid:Bid[Food: Chips and Nuts, Drinks: Non-Alcoholic, Location: Party Tent, Invitations: Plain, Music: Band, Cleanup: Hired Help, ])
5,1,0.027624309392265192,RandomParty@6,(Offer  bid:Bid[Food: Chips and Nuts, Drinks: Beer Only, Location: Your Dorm, Invitations: Plain, Music: DJ, Cleanup: Special Equiment, ])
5,2,0.027624309392265192,ConcederNegotiationParty@7,(Offer  bid:Bid[Food: Catering, Drinks: Handmade Cocktails, Location: Party Tent, Invitations: Custom, Printed, Music: DJ, Cleanup: Water and Soap, ])
5,3,0.027624309392265192,AgentBuyogMain@8,(Offer  bid:Bid[Food: Chips and Nuts, Drinks: Non-Alcoholic, Location: Party Tent, Invitations: Plain, Music: Band, Cleanup: Hired Help, ])
6,1,0.03314917127071823,RandomParty@6,(Offer  bid:Bid[Food: Handmade Food, Drinks: Handmade Cocktails, Location: Your Dorm, Invitations: Plain, Music: Band, Cleanup: Specialized Materials, ])
6,2,0.03314917127071823,ConcederNegotiationParty@7,(Offer  bid:Bid[Food: Catering, Drinks: Handmade Cocktails, Location: Party Tent, Invitations: Plain, Music: DJ, Cleanup: Water and Soap, ])
6,3,0.03314917127071823,AgentBuyogMain@8,(Offer  bid:Bid[Food: Chips and Nuts, Drinks: Non-Alcoholic, Location: Party Tent, Invitations: Plain, Music: Band, Cleanup: Hired Help, ])
7,1,0.03867403314917127,RandomParty@6,(Offer  bid:Bid[Food: Catering, Drinks: Non-Alcoholic, Location: Party Room, Invitations: Photo, Music: Band, Cleanup: Special Equiment, ])
7,2,0.03867403314917127,ConcederNegotiationParty@7,(Offer  bid:Bid[Food: Finger-Food, Drinks: Handmade Cocktails, Location: Ballroom, Invitations: Custom, Printed, Music: Band, Cleanup: Water and Soap, ])
7,3,0.03867403314917127,AgentBuyogMain@8,(Offer  bid:Bid[Food: Chips and Nuts, Drinks: Non-Alcoholic, Location: Party Tent, Invitations: Plain, Music: Band, Cleanup: Hired Help, ])
8,1,0.04419889502762431,RandomParty@6,(Offer  bid:Bid[Food: Handmade Food, Drinks: Non-Alcoholic, Location: Party Room, Invitations: Custom, Handmade, Music: MP3, Cleanup: Special Equiment, ])
8,2,0.04419889502762431,ConcederNegotiationParty@7,(Offer  bid:Bid[Food: Catering, Drinks: Handmade Cocktails, Location: Party Room, Invitations: Custom, Printed, Music: MP3, Cleanup: Hired Help, ])
8,3,0.04419889502762431,AgentBuyogMain@8,(Offer  bid:Bid[Food: Chips and Nuts, Drinks: Non-Alcoholic, Location: Party Tent, Invitations: Plain, Music: Band, Cleanup: Hired Help, ])
9,1,0.049723756906077346,RandomParty@6,(Offer  bid:Bid[Food: Finger-Food, Drinks: Handmade Cocktails, Location: Your Dorm, Invitations: Custom, Handmade, Music: MP3, Cleanup: Special Equiment, ])
9,2,0.049723756906077346,ConcederNegotiationParty@7,(Offer  bid:Bid[Food: Handmade Food, Drinks: Handmade Cocktails, Location: Ballroom, Invitations: Plain, Music: DJ, Cleanup: Water and Soap, ])
9,3,0.049723756906077346,AgentBuyogMain@8,(Offer  bid:Bid[Food: Chips and Nuts, Drinks: Non-Alcoholic, Location: Party Tent, Invitations: Plain, Music: Band, Cleanup: Hired Help, ])
10,1,0.055248618784530384,RandomParty@6,(Offer  bid:Bid[Food: Finger-Food, Drinks: Catering, Location: Ballroom, Invitations: Photo, Music: DJ, Cleanup: Specialized Materials, ])
10,2,0.055248618784530384,ConcederNegotiationParty@7,(Offer  bid:Bid[Food: Finger-Food, Drinks: Handmade Cocktails, Location: Your Dorm, Invitations: Plain, Music: DJ, Cleanup: Water and Soap, ])
10,3,0.055248618784530384,AgentBuyogMain@8,(Offer  bid:Bid[Food: Chips and Nuts, Drinks: Non-Alcoholic, Location: Party Tent, Invitations: Plain, Music: Band, Cleanup: Hired Help, ])
11,1,0.06077348066298342,RandomParty@6,(Offer  bid:Bid[Food: Catering, Drinks: Beer Only, Location: Party Room, Invitations: Photo, Music: DJ, Cleanup: Special Equiment, ])
11,2,0.06077348066298342,ConcederNegotiationParty@7,(Offer  bid:Bid[Food: Finger-Food, Drinks: Non-Alcoholic, Location: Party Room, Invitations: Plain, Music: MP3, Cleanup: Water and Soap, ])
11,3,0.06077348066298342,AgentBuyogMain@8,(Offer  bid:Bid[Food: Chips and Nuts, Drinks: Non-Alcoholic, Location: Party Tent, Invitations: Plain, Music: Band, Cleanup: Hired Help, ])
12,1,0.06629834254143646,RandomParty@6,(Offer  bid:Bid[Food: Catering, Drinks: Handmade Cocktails, Location: Party Room, Invitations: Custom, Handmade, Music: MP3, Cleanup: Specialized Materials, ])
12,2,0.06629834254143646,ConcederNegotiationParty@7,(Offer  bid:Bid[Food: Chips and Nuts, Drinks: Handmade Cocktails, Location: Your Dorm, Invitations: Plain, Music: DJ, Cleanup: Water and Soap, ])
12,3,0.06629834254143646,AgentBuyogMain@8,(Offer  bid:Bid[Food: Chips and Nuts, Drinks: Non-Alcoholic, Location: Party Tent, Invitations: Plain, Music: Band, Cleanup: Hired Help, ])
13,1,0.0718232044198895,RandomParty@6,(Offer  bid:Bid[Food: Chips and Nuts, Drinks: Non-Alcoholic, Location: Party Room, Invitations: Custom, Handmade, Music: DJ, Cleanup: Water and Soap, ])
13,2,0.0718232044198895,ConcederNegotiationParty@7,(Offer  bid:Bid[Food: Catering, Drinks: Handmade Cocktails, Location: Party Tent, Invitations: Photo, Music: MP3, Cleanup: Water and Soap, ])
13,3,0.0718232044198895,AgentBuyogMain@8,(Offer  bid:Bid[Food: Chips and Nuts, Drinks: Non-Alcoholic, Location: Party Tent, Invitations: Plain, Music: Band, Cleanup: Hired Help, ])
14,1,0.07734806629834254,RandomParty@6,(Offer  bid:Bid[Food: Handmade Food, Drinks: Catering, Location: Party Tent, Invitations: Custom, Handmade, Music: DJ, Cleanup: Hired Help, ])
14,2,0.07734806629834254,ConcederNegotiationParty@7,(Offer  bid:Bid[Food: Catering, Drinks: Handmade Cocktails, Location: Party Room, Invitations: Custom, Printed, Music: DJ, Cleanup: Hired Help, ])
14,3,0.07734806629834254,AgentBuyogMain@8,(Offer  bid:Bid[Food: Chips and Nuts, Drinks: Non-Alcoholic, Location: Party Tent, Invitations: Plain, Music: Band, Cleanup: Hired Help, ])
15,1,0.08287292817679558,RandomParty@6,(Offer  bid:Bid[Food: Catering, Drinks: Handmade Cocktails, Location: Ballroom, Invitations: Custom, Handmade, Music: DJ, Cleanup: Water and Soap, ])
15,2,0.08287292817679558,ConcederNegotiationParty@7,(Offer  bid:Bid[Food: Chips and Nuts, Drinks: Beer Only, Location: Party Room, Invitations: Plain, Music: MP3, Cleanup: Water and Soap, ])
15,3,0.08287292817679558,AgentBuyogMain@8,(Offer  bid:Bid[Food: Chips and Nuts, Drinks: Non-Alcoholic, Location: Party Tent, Invitations: Plain, Music: Band, Cleanup: Hired Help, ])
16,1,0.08839779005524862,RandomParty@6,(Offer  bid:Bid[Food: Finger-Food, Drinks: Beer Only, Location: Party Room, Invitations: Custom, Handmade, Music: Band, Cleanup: Hired Help, ])
16,2,0.08839779005524862,ConcederNegotiationParty@7,(Offer  bid:Bid[Food: Handmade Food, Drinks: Non-Alcoholic, Location: Party Tent, Invitations: Plain, Music: MP3, Cleanup: Water and Soap, ])
16,3,0.08839779005524862,AgentBuyogMain@8,(Offer  bid:Bid[Food: Chips and Nuts, Drinks: Non-Alcoholic, Location: Party Tent, Invitations: Plain, Music: Band, Cleanup: Hired Help, ])
17,1,0.09392265193370165,RandomParty@6,(Offer  bid:Bid[Food: Catering, Drinks: Handmade Cocktails, Location: Party Tent, Invitations: Photo, Music: Band, Cleanup: Specialized Materials, ])
17,2,0.09392265193370165,ConcederNegotiationParty@7,(Offer  bid:Bid[Food: Chips and Nuts, Drinks: Catering, Location: Party Room, Invitations: Plain, Music: MP3, Cleanup: Water and Soap, ])
17,3,0.09392265193370165,AgentBuyogMain@8,(Offer  bid:Bid[Food: Chips and Nuts, Drinks: Non-Alcoholic, Location: Party Tent, Invitations: Plain, Music: Band, Cleanup: Hired Help, ])
18,1,0.09944751381215469,RandomParty@6,(Offer  bid:Bid[Food: Chips and Nuts, Drinks: Catering, Location: Party Tent, Invitations: Photo, Music: MP3, Cleanup: Specialized Materials, ])
18,2,0.09944751381215469,ConcederNegotiationParty@7,(Offer  bid:Bid[Food: Finger-Food, Drinks: Handmade Cocktails, Location: Your Dorm, Invitations: Custom, Printed, Music: MP3, Cleanup: Specialized Materials, ])
18,3,0.09944751381215469,AgentBuyogMain@8,(Offer  bid:Bid[Food: Chips and Nuts, Drinks: Non-Alcoholic, Location: Party Tent, Invitations: Plain, Music: Band, Cleanup: Hired Help, ])
19,1,0.10497237569060773,RandomParty@6,(Offer  bid:Bid[Food: Catering, Drinks: Non-Alcoholic, Location: Ballroom, Invitations: Photo, Music: Band, Cleanup: Hired Help, ])
19,2,0.10497237569060773,ConcederNegotiationParty@7,(Offer  bid:Bid[Food: Catering, Drinks: Handmade Cocktails, Location: Ballroom, Invitations: Photo, Music: Band, Cleanup: Water and Soap, ])
19,3,0.10497237569060773,AgentBuyogMain@8,(Offer  bid:Bid[Food: Chips and Nuts, Drinks: Non-Alcoholic, Location: Party Tent, Invitations: Plain, Music: Band, Cleanup: Hired Help, ])
20,1,0.11049723756906077,RandomParty@6,(Offer  bid:Bid[Food: Finger-Food, Drinks: Handmade Cocktails, Location: Party Room, Invitations: Plain, Music: DJ, Cleanup: Specialized Materials, ])
20,2,0.11049723756906077,ConcederNegotiationParty@7,(Accept  bid:Bid[Food: Finger-Food, Drinks: Handmade Cocktails, Location: Party Room, Invitations: Plain, Music: DJ, Cleanup: Specialized Materials, ])
20,3,0.11049723756906077,AgentBuyogMain@8,(Offer  bid:Bid[Food: Chips and Nuts, Drinks: Non-Alcoholic, Location: Party Tent, Invitations: Plain, Music: Band, Cleanup: Hired Help, ])
21,1,0.11602209944751381,RandomParty@6,(Offer  bid:Bid[Food: Chips and Nuts, Drinks: Handmade Cocktails, Location: Party Room, Invitations: Plain, Music: Band, Cleanup: Specialized Materials, ])
21,2,0.11602209944751381,ConcederNegotiationParty@7,(Accept  bid:Bid[Food: Chips and Nuts, Drinks: Handmade Cocktails, Location: Party Room, Invitations: Plain, Music: Band, Cleanup: Specialized Materials, ])
21,3,0.11602209944751381,AgentBuyogMain@8,(Offer  bid:Bid[Food: Chips and Nuts, Drinks: Non-Alcoholic, Location: Party Tent, Invitations: Plain, Music: Band, Cleanup: Hired Help, ])
22,1,0.12154696132596685,RandomParty@6,(Offer  bid:Bid[Food: Catering, Drinks: Beer Only, Location: Party Room, Invitations: Photo, Music: Band, Cleanup: Specialized Materials, ])
22,2,0.12154696132596685,ConcederNegotiationParty@7,(Offer  bid:Bid[Food: Catering, Drinks: Handmade Cocktails, Location: Your Dorm, Invitations: Photo, Music: DJ, Cleanup: Water and Soap, ])
22,3,0.12154696132596685,AgentBuyogMain@8,(Offer  bid:Bid[Food: Chips and Nuts, Drinks: Non-Alcoholic, Location: Party Tent, Invitations: Plain, Music: Band, Cleanup: Hired Help, ])
23,1,0.1270718232044199,RandomParty@6,(Offer  bid:Bid[Food: Handmade Food, Drinks: Non-Alcoholic, Location: Your Dorm, Invitations: Custom, Printed, Music: Band, Cleanup: Water and Soap, ])
23,2,0.1270718232044199,ConcederNegotiationParty@7,(Accept  bid:Bid[Food: Handmade Food, Drinks: Non-Alcoholic, Location: Your Dorm, Invitations: Custom, Printed, Music: Band, Cleanup: Water and Soap, ])
23,3,0.1270718232044199,AgentBuyogMain@8,(Offer  bid:Bid[Food: Chips and Nuts, Drinks: Non-Alcoholic, Location: Party Tent, Invitations: Plain, Music: Band, Cleanup: Hired Help, ])
24,1,0.13259668508287292,RandomParty@6,(Offer  bid:Bid[Food: Handmade Food, Drinks: Non-Alcoholic, Location: Your Dorm, Invitations: Custom, Handmade, Music: DJ, Cleanup: Special Equiment, ])
24,2,0.13259668508287292,ConcederNegotiationParty@7,(Offer  bid:Bid[Food: Handmade Food, Drinks: Catering, Location: Your Dorm, Invitations: Custom, Printed, Music: Band, Cleanup: Water and Soap, ])
24,3,0.13259668508287292,AgentBuyogMain@8,(Offer  bid:Bid[Food: Chips and Nuts, Drinks: Non-Alcoholic, Location: Party Tent, Invitations: Plain, Music: Band, Cleanup: Hired Help, ])
25,1,0.13812154696132597,RandomParty@6,(Offer  bid:Bid[Food: Finger-Food, Drinks: Non-Alcoholic, Location: Your Dorm, Invitations: Custom, Printed, Music: Band, Cleanup: Water and Soap, ])
25,2,0.13812154696132597,ConcederNegotiationParty@7,(Accept  bid:Bid[Food: Finger-Food, Drinks: Non-Alcoholic, Location: Your Dorm, Invitations: Custom, Printed, Music: Band, Cleanup: Water and Soap, ])
25,3,0.13812154696132597,AgentBuyogMain@8,(Offer  bid:Bid[Food: Chips and Nuts, Drinks: Non-Alcoholic, Location: Party Tent, Invitations: Plain, Music: Band, Cleanup: Hired Help, ])
26,1,0.143646408839779,RandomParty@6,(Offer  bid:Bid[Food: Handmade Food, Drinks: Non-Alcoholic, Location: Your Dorm, Invitations: Custom, Handmade, Music: Band, Cleanup: Water and Soap, ])
26,2,0.143646408839779,ConcederNegotiationParty@7,(Offer  bid:Bid[Food: Finger-Food, Drinks: Catering, Location: Ballroom, Invitations: Plain, Music: MP3, Cleanup: Water and Soap, ])
26,3,0.143646408839779,AgentBuyogMain@8,(Offer  bid:Bid[Food: Chips and Nuts, Drinks: Non-Alcoholic, Location: Party Tent, Invitations: Plain, Music: Band, Cleanup: Hired Help, ])
27,1,0.14917127071823205,RandomParty@6,(Offer  bid:Bid[Food: Handmade Food, Drinks: Beer Only, Location: Your Dorm, Invitations: Plain, Music: DJ, Cleanup: Specialized Materials, ])
27,2,0.14917127071823205,ConcederNegotiationParty@7,(Offer  bid:Bid[Food: Handmade Food, Drinks: Beer Only, Location: Party Tent, Invitations: Plain, Music: DJ, Cleanup: Water and Soap, ])
27,3,0.14917127071823205,AgentBuyogMain@8,(Offer  bid:Bid[Food: Chips and Nuts, Drinks: Non-Alcoholic, Location: Party Tent, Invitations: Plain, Music: Band, Cleanup: Hired Help, ])
28,1,0.15469613259668508,RandomParty@6,(Offer  bid:Bid[Food: Finger-Food, Drinks: Handmade Cocktails, Location: Party Room, Invitations: Photo, Music: DJ, Cleanup: Hired Help, ])
28,2,0.15469613259668508,ConcederNegotiationParty@7,(Offer  bid:Bid[Food: Finger-Food, Drinks: Beer Only, Location: Party Tent, Invitations: Custom, Printed, Music: DJ, Cleanup: Water and Soap, ])
28,3,0.15469613259668508,AgentBuyogMain@8,(Offer  bid:Bid[Food: Chips and Nuts, Drinks: Non-Alcoholic, Location: Party Tent, Invitations: Plain, Music: Band, Cleanup: Hired Help, ])
29,1,0.16022099447513813,RandomParty@6,(Offer  bid:Bid[Food: Catering, Drinks: Non-Alcoholic, Location: Ballroom, Invitations: Plain, Music: Band, Cleanup: Water and Soap, ])
29,2,0.16022099447513813,ConcederNegotiationParty@7,(Accept  bid:Bid[Food: Catering, Drinks: Non-Alcoholic, Location: Ballroom, Invitations: Plain, Music: Band, Cleanup: Water and Soap, ])
29,3,0.16022099447513813,AgentBuyogMain@8,(Offer  bid:Bid[Food: Chips and Nuts, Drinks: Non-Alcoholic, Location: Party Tent, Invitations: Plain, Music: Band, Cleanup: Hired Help, ])
30,1,0.16574585635359115,RandomParty@6,(Offer  bid:Bid[Food: Catering, Drinks: Handmade Cocktails, Location: Party Room, Invitations: Custom, Printed, Music: DJ, Cleanup: Water and Soap, ])
30,2,0.16574585635359115,ConcederNegotiationParty@7,(Accept  bid:Bid[Food: Catering, Drinks: Handmade Cocktails, Location: Party Room, Invitations: Custom, Printed, Music: DJ, Cleanup: Water and Soap, ])
30,3,0.16574585635359115,AgentBuyogMain@8,(Offer  bid:Bid[Food: Chips and Nuts, Drinks: Non-Alcoholic, Location: Party Tent, Invitations: Plain, Music: Band, Cleanup: Hired Help, ])
31,1,0.1712707182320442,RandomParty@6,(Offer  bid:Bid[Food: Handmade Food, Drinks: Non-Alcoholic, Location: Ballroom, Invitations: Photo, Music: MP3, Cleanup: Water and Soap, ])
31,2,0.1712707182320442,ConcederNegotiationParty@7,(Offer  bid:Bid[Food: Catering, Drinks: Catering, Location: Party Room, Invitations: Custom, Handmade, Music: MP3, Cleanup: Water and Soap, ])
31,3,0.1712707182320442,AgentBuyogMain@8,(Offer  bid:Bid[Food: Chips and Nuts, Drinks: Non-Alcoholic, Location: Party Tent, Invitations: Plain, Music: Band, Cleanup: Hired Help, ])
32,1,0.17679558011049723,RandomParty@6,(Offer  bid:Bid[Food: Chips and Nuts, Drinks: Non-Alcoholic, Location: Your Dorm, Invitations: Plain, Music: MP3, Cleanup: Water and Soap, ])
32,2,0.17679558011049723,ConcederNegotiationParty@7,(Accept  bid:Bid[Food: Chips and Nuts, Drinks: Non-Alcoholic, Location: Your Dorm, Invitations: Plain, Music: MP3, Cleanup: Water and Soap, ])
32,3,0.17679558011049723,AgentBuyogMain@8,(Offer  bid:Bid[Food: Chips and Nuts, Drinks: Non-Alcoholic, Location: Party Tent, Invitations: Plain, Music: Band, Cleanup: Hired Help, ])
33,1,0.18232044198895028,RandomParty@6,(Offer  bid:Bid[Food: Handmade Food, Drinks: Handmade Cocktails, Location: Party Room, Invitations: Custom, Handmade, Music: DJ, Cleanup: Specialized Materials, ])
33,2,0.18232044198895028,ConcederNegotiationParty@7,(Offer  bid:Bid[Food: Chips and Nuts, Drinks: Catering, Location: Your Dorm, Invitations: Plain, Music: Band, Cleanup: Water and Soap, ])
33,3,0.18232044198895028,AgentBuyogMain@8,(Offer  bid:Bid[Food: Chips and Nuts, Drinks: Non-Alcoholic, Location: Party Tent, Invitations: Plain, Music: Band, Cleanup: Hired Help, ])
34,1,0.1878453038674033,RandomParty@6,(Offer  bid:Bid[Food: Chips and Nuts, Drinks: Catering, Location: Your Dorm, Invitations: Custom, Printed, Music: Band, Cleanup: Hired Help, ])
34,2,0.1878453038674033,ConcederNegotiationParty@7,(Offer  bid:Bid[Food: Finger-Food, Drinks: Catering, Location: Ballroom, Invitations: Custom, Printed, Music: DJ, Cleanup: Water and Soap, ])
34,3,0.1878453038674033,AgentBuyogMain@8,(Offer  bid:Bid[Food: Chips and Nuts, Drinks: Non-Alcoholic, Location: Party Tent, Invitations: Plain, Music: Band, Cleanup: Hired Help, ])
35,1,0.19337016574585636,RandomParty@6,(Offer  bid:Bid[Food: Catering, Drinks: Handmade Cocktails, Location: Ballroom, Invitations: Photo, Music: MP3, Cleanup: Special Equiment, ])
35,2,0.19337016574585636,ConcederNegotiationParty@7,(Offer  bid:Bid[Food: Catering, Drinks: Catering, Location: Party Room, Invitations: Plain, Music: Band, Cleanup: Specialized Materials, ])
35,3,0.19337016574585636,AgentBuyogMain@8,(Offer  bid:Bid[Food: Chips and Nuts, Drinks: Non-Alcoholic, Location: Party Tent, Invitations: Plain, Music: Band, Cleanup: Hired Help, ])
36,1,0.19889502762430938,RandomParty@6,(Offer  bid:Bid[Food: Catering, Drinks: Non-Alcoholic, Location: Ballroom, Invitations: Custom, Handmade, Music: MP3, Cleanup: Hired Help, ])
36,2,0.19889502762430938,ConcederNegotiationParty@7,(Offer  bid:Bid[Food: Catering, Drinks: Non-Alcoholic, Location: Your Dorm, Invitations: Photo, Music: MP3, Cleanup: Water and Soap, ])
36,3,0.19889502762430938,AgentBuyogMain@8,(Offer  bid:Bid[Food: Chips and Nuts, Drinks: Non-Alcoholic, Location: Party Tent, Invitations: Plain, Music: Band, Cleanup: Hired Help, ])
37,1,0.20441988950276244,RandomParty@6,(Offer  bid:Bid[Food: Finger-Food, Drinks: Handmade Cocktails, Location: Ballroom, Invitations: Photo, Music: MP3, Cleanup: Water and Soap, ])
37,2,0.20441988950276244,ConcederNegotiationParty@7,(Accept  bid:Bid[Food: Finger-Food, Drinks: Handmade Cocktails, Location: Ballroom, Invitations: Photo, Music: MP3, Cleanup: Water and Soap, ])
37,3,0.20441988950276244,AgentBuyogMain@8,(Offer  bid:Bid[Food: Chips and Nuts, Drinks: Non-Alcoholic, Location: Party Tent, Invitations: Plain, Music: Band, Cleanup: Hired Help, ])
38,1,0.20994475138121546,RandomParty@6,(Offer  bid:Bid[Food: Finger-Food, Drinks: Handmade Cocktails, Location: Your Dorm, Invitations: Custom, Handmade, Music: Band, Cleanup: Hired Help, ])
38,2,0.20994475138121546,ConcederNegotiationParty@7,(Offer  bid:Bid[Food: Chips and Nuts, Drinks: Catering, Location: Party Room, Invitations: Custom, Printed, Music: MP3, Cleanup: Specialized Materials, ])
38,3,0.20994475138121546,AgentBuyogMain@8,(Offer  bid:Bid[Food: Chips and Nuts, Drinks: Non-Alcoholic, Location: Party Tent, Invitations: Plain, Music: Band, Cleanup: Hired Help, ])
39,1,0.2154696132596685,RandomParty@6,(Offer  bid:Bid[Food: Handmade Food, Drinks: Non-Alcoholic, Location: Party Tent, Invitations: Custom, Printed, Music: DJ, Cleanup: Hired Help, ])
39,2,0.2154696132596685,ConcederNegotiationParty@7,(Offer  bid:Bid[Food: Catering, Drinks: Beer Only, Location: Party Room, Invitations: Custom, Printed, Music: DJ, Cleanup: Hired Help, ])
39,3,0.2154696132596685,AgentBuyogMain@8,(Offer  bid:Bid[Food: Chips and Nuts, Drinks: Non-Alcoholic, Location: Party Tent, Invitations: Plain, Music: Band, Cleanup: Hired Help, ])
40,1,0.22099447513812154,RandomParty@6,(Offer  bid:Bid[Food: Finger-Food, Drinks: Beer Only, Location: Party Room, Invitations: Custom, Handmade, Music: MP3, Cleanup: Special Equiment, ])
40,2,0.22099447513812154,ConcederNegotiationParty@7,(Offer  bid:Bid[Food: Catering, Drinks: Beer Only, Location: Party Tent, Invitations: Custom, Handmade, Music: MP3, Cleanup: Water and Soap, ])
40,3,0.22099447513812154,AgentBuyogMain@8,(Offer  bid:Bid[Food: Chips and Nuts, Drinks: Non-Alcoholic, Location: Party Tent, Invitations: Plain, Music: Band, Cleanup: Hired Help, ])
41,1,0.2265193370165746,RandomParty@6,(Offer  bid:Bid[Food: Finger-Food, Drinks: Handmade Cocktails, Location: Ballroom, Invitations: Custom, Handmade, Music: MP3, Cleanup: Specialized Materials, ])
41,2,0.2265193370165746,ConcederNegotiationParty@7,(Offer  bid:Bid[Food: Catering, Drinks: Handmade Cocktails, Location: Party Tent, Invitations: Custom, Handmade, Music: MP3, Cleanup: Hired Help, ])
41,3,0.2265193370165746,AgentBuyogMain@8,(Offer  bid:Bid[Food: Chips and Nuts, Drinks: Non-Alcoholic, Location: Party Tent, Invitations: Plain, Music: Band, Cleanup: Hired Help, ])
42,1,0.23204419889502761,RandomParty@6,(Offer  bid:Bid[Food: Finger-Food, Drinks: Beer Only, Location: Ballroom, Invitations: Custom, Printed, Music: MP3, Cleanup: Hired Help, ])
42,2,0.23204419889502761,ConcederNegotiationParty@7,(Offer  bid:Bid[Food: Catering, Drinks: Handmade Cocktails, Location: Your Dorm, Invitations: Photo, Music: Band, Cleanup: Specialized Materials, ])
42,3,0.23204419889502761,AgentBuyogMain@8,(Offer  bid:Bid[Food: Chips and Nuts, Drinks: Non-Alcoholic, Location: Party Tent, Invitations: Plain, Music: Band, Cleanup: Hired Help, ])
43,1,0.23756906077348067,RandomParty@6,(Offer  bid:Bid[Food: Chips and Nuts, Drinks: Handmade Cocktails, Location: Ballroom, Invitations: Photo, Music: Band, Cleanup: Water and Soap, ])
43,2,0.23756906077348067,ConcederNegotiationParty@7,(Accept  bid:Bid[Food: Chips and Nuts, Drinks: Handmade Cocktails, Location: Ballroom, Invitations: Photo, Music: Band, Cleanup: Water and Soap, ])
43,3,0.23756906077348067,AgentBuyogMain@8,(Offer  bid:Bid[Food: Chips and Nuts, Drinks: Non-Alcoholic, Location: Party Tent, Invitations: Plain, Music: Band, Cleanup: Hired Help, ])
44,1,0.2430939226519337,RandomParty@6,(Offer  bid:Bid[Food: Chips and Nuts, Drinks: Catering, Location: Party Tent, Invitations: Custom, Handmade, Music: MP3, Cleanup: Special Equiment, ])
44,2,0.2430939226519337,ConcederNegotiationParty@7,(Offer  bid:Bid[Food: Finger-Food, Drinks: Non-Alcoholic, Location: Your Dorm, Invitations: Photo, Music: MP3, Cleanup: Water and Soap, ])
44,3,0.2430939226519337,AgentBuyogMain@8,(Offer  bid:Bid[Food: Chips and Nuts, Drinks: Non-Alcoholic, Location: Party Tent, Invitations: Plain, Music: Band, Cleanup: Hired Help, ])
45,1,0.24861878453038674,RandomParty@6,(Offer  bid:Bid[Food: Chips and Nuts, Drinks: Beer Only, Location: Party Tent, Invitations: Custom, Handmade, Music: Band, Cleanup: Water and Soap, ])
45,2,0.24861878453038674,ConcederNegotiationParty@7,(Offer  bid:Bid[Food: Finger-Food, Drinks: Non-Alcoholic, Location: Party Tent, Invitations: Custom, Handmade, Music: MP3, Cleanup: Water and Soap, ])
45,3,0.24861878453038674,AgentBuyogMain@8,(Offer  bid:Bid[Food: Chips and Nuts, Drinks: Non-Alcoholic, Location: Party Tent, Invitations: Plain, Music: Band, Cleanup: Hired Help, ])
46,1,0.2541436464088398,RandomParty@6,(Offer  bid:Bid[Food: Chips and Nuts, Drinks: Catering, Location: Your Dorm, Invitations: Custom, Handmade, Music: Band, Cleanup: Hired Help, ])
46,2,0.2541436464088398,ConcederNegotiationParty@7,(Offer  bid:Bid[Food: Finger-Food, Drinks: Handmade Cocktails, Location: Ballroom, Invitations: Photo, Music: MP3, Cleanup: Specialized Materials, ])
46,3,0.2541436464088398,AgentBuyogMain@8,(Offer  bid:Bid[Food: Chips and Nuts, Drinks: Non-Alcoholic, Location: Party Tent, Invitations: Plain, Music: Band, Cleanup: Hired Help, ])
47,1,0.2596685082872928,RandomParty@6,(Offer  bid:Bid[Food: Handmade Food, Drinks: Handmade Cocktails, Location: Ballroom, Invitations: Custom, Handmade, Music: Band, Cleanup: Hired Help, ])
47,2,0.2596685082872928,ConcederNegotiationParty@7,(Offer  bid:Bid[Food: Catering, Drinks: Catering, Location: Your Dorm, Invitations: Custom, Printed, Music: Band, Cleanup: Specialized Materials, ])
47,3,0.2596685082872928,AgentBuyogMain@8,(Offer  bid:Bid[Food: Chips and Nuts, Drinks: Non-Alcoholic, Location: Party Tent, Invitations: Plain, Music: Band, Cleanup: Hired Help, ])
48,1,0.26519337016574585,RandomParty@6,(Offer  bid:Bid[Food: Handmade Food, Drinks: Handmade Cocktails, Location: Your Dorm, Invitations: Custom, Printed, Music: DJ, Cleanup: Specialized Materials, ])
48,2,0.26519337016574585,ConcederNegotiationParty@7,(Accept  bid:Bid[Food: Handmade Food, Drinks: Handmade Cocktails, Location: Your Dorm, Invitations: Custom, Printed, Music: DJ, Cleanup: Specialized Materials, ])
48,3,0.26519337016574585,AgentBuyogMain@8,(Offer  bid:Bid[Food: Chips and Nuts, Drinks: Non-Alcoholic, Location: Party Tent, Invitations: Plain, Music: Band, Cleanup: Hired Help, ])
49,1,0.27071823204419887,RandomParty@6,(Offer  bid:Bid[Food: Catering, Drinks: Handmade Cocktails, Location: Party Tent, Invitations: Custom, Handmade, Music: Band, Cleanup: Water and Soap, ])
49,2,0.27071823204419887,ConcederNegotiationParty@7,(Accept  bid:Bid[Food: Catering, Drinks: Handmade Cocktails, Location: Party Tent, Invitations: Custom, Handmade, Music: Band, Cleanup: Water and Soap, ])
49,3,0.27071823204419887,AgentBuyogMain@8,(Offer  bid:Bid[Food: Chips and Nuts, Drinks: Non-Alcoholic, Location: Party Tent, Invitations: Plain, Music: Band, Cleanup: Hired Help, ])
50,1,0.27624309392265195,RandomParty@6,(Offer  bid:Bid[Food: Handmade Food, Drinks: Beer Only, Location: Party Room, Invitations: Plain, Music: DJ, Cleanup: Water and Soap, ])
50,2,0.27624309392265195,ConcederNegotiationParty@7,(Accept  bid:Bid[Food: Handmade Food, Drinks: Beer Only, Location: Party Room, Invitations: Plain, Music: DJ, Cleanup: Water and Soap, ])
50,3,0.27624309392265195,AgentBuyogMain@8,(Offer  bid:Bid[Food: Chips and Nuts, Drinks: Non-Alcoholic, Location: Party Tent, Invitations: Plain, Music: MP3, Cleanup: Hired Help, ])
51,1,0.281767955801105,RandomParty@6,(Offer  bid:Bid[Food: Handmade Food, Drinks: Non-Alcoholic, Location: Party Room, Invitations: Plain, Music: Band, Cleanup: Specialized Materials, ])
51,2,0.281767955801105,ConcederNegotiationParty@7,(Accept  bid:Bid[Food: Handmade Food, Drinks: Non-Alcoholic, Location: Party Room, Invitations: Plain, Music: Band, Cleanup: Specialized Materials, ])
51,3,0.281767955801105,AgentBuyogMain@8,(Offer  bid:Bid[Food: Chips and Nuts, Drinks: Non-Alcoholic, Location: Ballroom, Invitations: Plain, Music: Band, Cleanup: Hired Help, ])
52,1,0.287292817679558,RandomParty@6,(Offer  bid:Bid[Food: Catering, Drinks: Beer Only, Location: Ballroom, Invitations: Custom, Printed, Music: DJ, Cleanup: Water and Soap, ])
52,2,0.287292817679558,ConcederNegotiationParty@7,(Accept  bid:Bid[Food: Catering, Drinks: Beer Only, Location: Ballroom, Invitations: Custom, Printed, Music: DJ, Cleanup: Water and Soap, ])
52,3,0.287292817679558,AgentBuyogMain@8,(Offer  bid:Bid[Food: Chips and Nuts, Drinks: Non-Alcoholic, Location: Ballroom, Invitations: Plain, Music: Band, Cleanup: Hired Help, ])
53,1,0.292817679558011,RandomParty@6,(Offer  bid:Bid[Food: Finger-Food, Drinks: Non-Alcoholic, Location: Your Dorm, Invitations: Plain, Music: DJ, Cleanup: Hired Help, ])
53,2,0.292817679558011,ConcederNegotiationParty@7,(Offer  bid:Bid[Food: Catering, Drinks: Handmade Cocktails, Location: Ballroom, Invitations: Photo, Music: Band, Cleanup: Special Equiment, ])
53,3,0.292817679558011,AgentBuyogMain@8,(Offer  bid:Bid[Food: Chips and Nuts, Drinks: Non-Alcoholic, Location: Ballroom, Invitations: Plain, Music: Band, Cleanup: Hired Help, ])
54,1,0.2983425414364641,RandomParty@6,(Offer  bid:Bid[Food: Catering, Drinks: Non-Alcoholic, Location: Your Dorm, Invitations: Custom, Handmade, Music: MP3, Cleanup: Specialized Materials, ])
54,2,0.2983425414364641,ConcederNegotiationParty@7,(Offer  bid:Bid[Food: Handmade Food, Drinks: Non-Alcoholic, Location: Party Tent, Invitations: Custom, Handmade, Music: DJ, Cleanup: Water and Soap, ])
54,3,0.2983425414364641,AgentBuyogMain@8,(Offer  bid:Bid[Food: Chips and Nuts, Drinks: Non-Alcoholic, Location: Ballroom, Invitations: Plain, Music: Band, Cleanup: Hired Help, ])
55,1,0.30386740331491713,RandomParty@6,(Offer  bid:Bid[Food: Chips and Nuts, Drinks: Handmade Cocktails, Location: Party Tent, Invitations: Photo, Music: DJ, Cleanup: Water and Soap, ])
55,2,0.30386740331491713,ConcederNegotiationParty@7,(Accept  bid:Bid[Food: Chips and Nuts, Drinks: Handmade Cocktails, Location: Party Tent, Invitations: Photo, Music: DJ, Cleanup: Water and Soap, ])
55,3,0.30386740331491713,AgentBuyogMain@8,(Offer  bid:Bid[Food: Chips and Nuts, Drinks: Non-Alcoholic, Location: Party Tent, Invitations: Plain, Music: Band, Cleanup: Hired Help, ])
56,1,0.30939226519337015,RandomParty@6,(Offer  bid:Bid[Food: Handmade Food, Drinks: Beer Only, Location: Party Room, Invitations: Plain, Music: DJ, Cleanup: Special Equiment, ])
56,2,0.30939226519337015,ConcederNegotiationParty@7,(Accept  bid:Bid[Food: Handmade Food, Drinks: Beer Only, Location: Party Room, Invitations: Plain, Music: DJ, Cleanup: Special Equiment, ])
56,3,0.30939226519337015,AgentBuyogMain@8,(Offer  bid:Bid[Food: Chips and Nuts, Drinks: Non-Alcoholic, Location: Party Tent, Invitations: Plain, Music: Band, Cleanup: Hired Help, ])
57,1,0.3149171270718232,RandomParty@6,(Offer  bid:Bid[Food: Handmade Food, Drinks: Beer Only, Location: Party Room, Invitations: Custom, Printed, Music: DJ, Cleanup: Special Equiment, ])
57,2,0.3149171270718232,ConcederNegotiationParty@7,(Accept  bid:Bid[Food: Handmade Food, Drinks: Beer Only, Location: Party Room, Invitations: Custom, Printed, Music: DJ, Cleanup: Special Equiment, ])
57,3,0.3149171270718232,AgentBuyogMain@8,(Offer  bid:Bid[Food: Chips and Nuts, Drinks: Non-Alcoholic, Location: Party Tent, Invitations: Plain, Music: Band, Cleanup: Hired Help, ])
58,1,0.32044198895027626,RandomParty@6,(Offer  bid:Bid[Food: Catering, Drinks: Catering, Location: Your Dorm, Invitations: Plain, Music: MP3, Cleanup: Special Equiment, ])
58,2,0.32044198895027626,ConcederNegotiationParty@7,(Accept  bid:Bid[Food: Catering, Drinks: Catering, Location: Your Dorm, Invitations: Plain, Music: MP3, Cleanup: Special Equiment, ])
58,3,0.32044198895027626,AgentBuyogMain@8,(Offer  bid:Bid[Food: Chips and Nuts, Drinks: Non-Alcoholic, Location: Party Tent, Invitations: Plain, Music: MP3, Cleanup: Hired Help, ])
59,1,0.3259668508287293,RandomParty@6,(Offer  bid:Bid[Food: Chips and Nuts, Drinks: Handmade Cocktails, Location: Party Tent, Invitations: Custom, Printed, Music: Band, Cleanup: Special Equiment, ])
59,2,0.3259668508287293,ConcederNegotiationParty@7,(Accept  bid:Bid[Food: Chips and Nuts, Drinks: Handmade Cocktails, Location: Party Tent, Invitations: Custom, Printed, Music: Band, Cleanup: Special Equiment, ])
59,3,0.3259668508287293,AgentBuyogMain@8,(Offer  bid:Bid[Food: Chips and Nuts, Drinks: Non-Alcoholic, Location: Party Tent, Invitations: Plain, Music: Band, Cleanup: Hired Help, ])
60,1,0.3314917127071823,RandomParty@6,(Offer  bid:Bid[Food: Catering, Drinks: Beer Only, Location: Party Room, Invitations: Photo, Music: Band, Cleanup: Special Equiment, ])
60,2,0.3314917127071823,ConcederNegotiationParty@7,(Offer  bid:Bid[Food: Chips and Nuts, Drinks: Beer Only, Location: Party Room, Invitations: Plain, Music: DJ, Cleanup: Special Equiment, ])
60,3,0.3314917127071823,AgentBuyogMain@8,(Offer  bid:Bid[Food: Chips and Nuts, Drinks: Non-Alcoholic, Location: Party Tent, Invitations: Plain, Music: Band, Cleanup: Special Equiment, ])
61,1,0.3370165745856354,RandomParty@6,(Offer  bid:Bid[Food: Chips and Nuts, Drinks: Catering, Location: Party Tent, Invitations: Plain, Music: DJ, Cleanup: Special Equiment, ])
61,2,0.3370165745856354,ConcederNegotiationParty@7,(Offer  bid:Bid[Food: Catering, Drinks: Beer Only, Location: Party Tent, Invitations: Plain, Music: DJ, Cleanup: Special Equiment, ])
61,3,0.3370165745856354,AgentBuyogMain@8,(Offer  bid:Bid[Food: Chips and Nuts, Drinks: Non-Alcoholic, Location: Party Tent, Invitations: Plain, Music: Band, Cleanup: Special Equiment, ])
62,1,0.3425414364640884,RandomParty@6,(Offer  bid:Bid[Food: Finger-Food, Drinks: Handmade Cocktails, Location: Party Room, Invitations: Custom, Handmade, Music: DJ, Cleanup: Water and Soap, ])
62,2,0.3425414364640884,ConcederNegotiationParty@7,(Accept  bid:Bid[Food: Finger-Food, Drinks: Handmade Cocktails, Location: Party Room, Invitations: Custom, Handmade, Music: DJ, Cleanup: Water and Soap, ])
62,3,0.3425414364640884,AgentBuyogMain@8,(Offer  bid:Bid[Food: Chips and Nuts, Drinks: Non-Alcoholic, Location: Party Tent, Invitations: Plain, Music: Band, Cleanup: Special Equiment, ])
63,1,0.34806629834254144,RandomParty@6,(Offer  bid:Bid[Food: Handmade Food, Drinks: Handmade Cocktails, Location: Party Room, Invitations: Custom, Handmade, Music: DJ, Cleanup: Special Equiment, ])
63,2,0.34806629834254144,ConcederNegotiationParty@7,(Accept  bid:Bid[Food: Handmade Food, Drinks: Handmade Cocktails, Location: Party Room, Invitations: Custom, Handmade, Music: DJ, Cleanup: Special Equiment, ])
63,3,0.34806629834254144,AgentBuyogMain@8,(Offer  bid:Bid[Food: Chips and Nuts, Drinks: Non-Alcoholic, Location: Party Tent, Invitations: Plain, Music: Band, Cleanup: Special Equiment, ])
64,1,0.35359116022099446,RandomParty@6,(Offer  bid:Bid[Food: Catering, Drinks: Handmade Cocktails, Location: Party Room, Invitations: Custom, Handmade, Music: Band, Cleanup: Specialized Materials, ])
64,2,0.35359116022099446,ConcederNegotiationParty@7,(Accept  bid:Bid[Food: Catering, Drinks: Handmade Cocktails, Location: Party Room, Invitations: Custom, Handmade, Music: Band, Cleanup: Specialized Materials, ])
64,3,0.35359116022099446,AgentBuyogMain@8,(Offer  bid:Bid[Food: Chips and Nuts, Drinks: Non-Alcoholic, Location: Party Tent, Invitations: Plain, Music: Band, Cleanup: Special Equiment, ])
65,1,0.35911602209944754,RandomParty@6,(Offer  bid:Bid[Food: Chips and Nuts, Drinks: Catering, Location: Your Dorm, Invitations: Custom, Handmade, Music: MP3, Cleanup: Water and Soap, ])
65,2,0.35911602209944754,ConcederNegotiationParty@7,(Accept  bid:Bid[Food: Chips and Nuts, Drinks: Catering, Location: Your Dorm, Invitations: Custom, Handmade, Music: MP3, Cleanup: Water and Soap, ])
65,3,0.35911602209944754,AgentBuyogMain@8,(Offer  bid:Bid[Food: Chips and Nuts, Drinks: Non-Alcoholic, Location: Party Tent, Invitations: Plain, Music: Band, Cleanup: Special Equiment, ])
66,1,0.36464088397790057,RandomParty@6,(Offer  bid:Bid[Food: Handmade Food, Drinks: Handmade Cocktails, Location: Party Tent, Invitations: Custom, Handmade, Music: MP3, Cleanup: Specialized Materials, ])
66,2,0.36464088397790057,ConcederNegotiationParty@7,(Accept  bid:Bid[Food: Handmade Food, Drinks: Handmade Cocktails, Location: Party Tent, Invitations: Custom, Handmade, Music: MP3, Cleanup: Specialized Materials, ])
66,3,0.36464088397790057,AgentBuyogMain@8,(Offer  bid:Bid[Food: Chips and Nuts, Drinks: Non-Alcoholic, Location: Party Tent, Invitations: Plain, Music: Band, Cleanup: Special Equiment, ])
67,1,0.3701657458563536,RandomParty@6,(Offer  bid:Bid[Food: Chips and Nuts, Drinks: Catering, Location: Party Room, Invitations: Photo, Music: Band, Cleanup: Specialized Materials, ])
67,2,0.3701657458563536,ConcederNegotiationParty@7,(Offer  bid:Bid[Food: Finger-Food, Drinks: Catering, Location: Ballroom, Invitations: Plain, Music: Band, Cleanup: Hired Help, ])
67,3,0.3701657458563536,AgentBuyogMain@8,(Offer  bid:Bid[Food: Chips and Nuts, Drinks: Non-Alcoholic, Location: Party Tent, Invitations: Plain, Music: Band, Cleanup: Special Equiment, ])
68,1,0.3756906077348066,RandomParty@6,(Offer  bid:Bid[Food: Chips and Nuts, Drinks: Beer Only, Location: Party Room, Invitations: Plain, Music: Band, Cleanup: Specialized Materials, ])
68,2,0.3756906077348066,ConcederNegotiationParty@7,(Accept  bid:Bid[Food: Chips and Nuts, Drinks: Beer Only, Location: Party Room, Invitations: Plain, Music: Band, Cleanup: Specialized Materials, ])
68,3,0.3756906077348066,AgentBuyogMain@8,(Offer  bid:Bid[Food: Chips and Nuts, Drinks: Non-Alcoholic, Location: Party Tent, Invitations: Plain, Music: Band, Cleanup: Special Equiment, ])
69,1,0.3812154696132597,RandomParty@6,(Offer  bid:Bid[Food: Handmade Food, Drinks: Catering, Location: Party Tent, Invitations: Custom, Handmade, Music: DJ, Cleanup: Water and Soap, ])
69,2,0.3812154696132597,ConcederNegotiationParty@7,(Accept  bid:Bid[Food: Handmade Food, Drinks: Catering, Location: Party Tent, Invitations: Custom, Handmade, Music: DJ, Cleanup: Water and Soap, ])
69,3,0.3812154696132597,AgentBuyogMain@8,(Offer  bid:Bid[Food: Chips and Nuts, Drinks: Non-Alcoholic, Location: Party Tent, Invitations: Plain, Music: Band, Cleanup: Special Equiment, ])
70,1,0.3867403314917127,RandomParty@6,(Offer  bid:Bid[Food: Handmade Food, Drinks: Handmade Cocktails, Location: Party Room, Invitations: Custom, Printed, Music: Band, Cleanup: Special Equiment, ])
70,2,0.3867403314917127,ConcederNegotiationParty@7,(Accept  bid:Bid[Food: Handmade Food, Drinks: Handmade Cocktails, Location: Party Room, Invitations: Custom, Printed, Music: Band, Cleanup: Special Equiment, ])
70,3,0.3867403314917127,AgentBuyogMain@8,(Offer  bid:Bid[Food: Chips and Nuts, Drinks: Non-Alcoholic, Location: Party Tent, Invitations: Plain, Music: Band, Cleanup: Special Equiment, ])
71,1,0.39226519337016574,RandomParty@6,(Offer  bid:Bid[Food: Finger-Food, Drinks: Beer Only, Location: Party Room, Invitations: Custom, Printed, Music: DJ, Cleanup: Specialized Materials, ])
71,2,0.39226519337016574,ConcederNegotiationParty@7,(Accept  bid:Bid[Food: Finger-Food, Drinks: Beer Only, Location: Party Room, Invitations: Custom, Printed, Music: DJ, Cleanup: Specialized Materials, ])
71,3,0.39226519337016574,AgentBuyogMain@8,(Offer  bid:Bid[Food: Chips and Nuts, Drinks: Non-Alcoholic, Location: Party Tent, Invitations: Plain, Music: Band, Cleanup: Special Equiment, ])
72,1,0.39779005524861877,RandomParty@6,(Offer  bid:Bid[Food: Finger-Food, Drinks: Non-Alcoholic, Location: Ballroom, Invitations: Photo, Music: MP3, Cleanup: Hired Help, ])
72,2,0.39779005524861877,ConcederNegotiationParty@7,(Offer  bid:Bid[Food: Finger-Food, Drinks: Catering, Location: Party Room, Invitations: Custom, Handmade, Music: MP3, Cleanup: Specialized Materials, ])
72,3,0.39779005524861877,AgentBuyogMain@8,(Offer  bid:Bid[Food: Chips and Nuts, Drinks: Non-Alcoholic, Location: Party Tent, Invitations: Plain, Music: Band, Cleanup: Special Equiment, ])
73,1,0.40331491712707185,RandomParty@6,(Offer  bid:Bid[Food: Chips and Nuts, Drinks: Non-Alcoholic, Location: Your Dorm, Invitations: Custom, Printed, Music: MP3, Cleanup: Water and Soap, ])
73,2,0.40331491712707185,ConcederNegotiationParty@7,(Accept  bid:Bid[Food: Chips and Nuts, Drinks: Non-Alcoholic, Location: Your Dorm, Invitations: Custom, Printed, Music: MP3, Cleanup: Water and Soap, ])
73,3,0.40331491712707185,AgentBuyogMain@8,(Offer  bid:Bid[Food: Chips and Nuts, Drinks: Non-Alcoholic, Location: Party Tent, Invitations: Plain, Music: Band, Cleanup: Special Equiment, ])
74,1,0.4088397790055249,RandomParty@6,(Offer  bid:Bid[Food: Finger-Food, Drinks: Catering, Location: Your Dorm, Invitations: Photo, Music: MP3, Cleanup: Hired Help, ])
74,2,0.4088397790055249,ConcederNegotiationParty@7,(Offer  bid:Bid[Food: Handmade Food, Drinks: Non-Alcoholic, Location: Your Dorm, Invitations: Photo, Music: MP3, Cleanup: Specialized Materials, ])
74,3,0.4088397790055249,AgentBuyogMain@8,(Offer  bid:Bid[Food: Chips and Nuts, Drinks: Non-Alcoholic, Location: Party Tent, Invitations: Plain, Music: Band, Cleanup: Special Equiment, ])
75,1,0.4143646408839779,RandomParty@6,(Offer  bid:Bid[Food: Finger-Food, Drinks: Catering, Location: Your Dorm, Invitations: Custom, Handmade, Music: DJ, Cleanup: Water and Soap, ])
75,2,0.4143646408839779,ConcederNegotiationParty@7,(Accept  bid:Bid[Food: Finger-Food, Drinks: Catering, Location: Your Dorm, Invitations: Custom, Handmade, Music: DJ, Cleanup: Water and Soap, ])
75,3,0.4143646408839779,AgentBuyogMain@8,(Offer  bid:Bid[Food: Chips and Nuts, Drinks: Non-Alcoholic, Location: Party Tent, Invitations: Plain, Music: Band, Cleanup: Special Equiment, ])
76,1,0.4198895027624309,RandomParty@6,(Offer  bid:Bid[Food: Finger-Food, Drinks: Non-Alcoholic, Location: Your Dorm, Invitations: Custom, Handmade, Music: Band, Cleanup: Specialized Materials, ])
76,2,0.4198895027624309,ConcederNegotiationParty@7,(Offer  bid:Bid[Food: Finger-Food, Drinks: Non-Alcoholic, Location: Party Room, Invitations: Photo, Music: DJ, Cleanup: Specialized Materials, ])
76,3,0.4198895027624309,AgentBuyogMain@8,(Offer  bid:Bid[Food: Chips and Nuts, Drinks: Non-Alcoholic, Location: Party Tent, Invitations: Plain, Music: Band, Cleanup: Special Equiment, ])
77,1,0.425414364640884,RandomParty@6,(Offer  bid:Bid[Food: Handmade Food, Drinks: Beer Only, Location: Party Tent, Invitations: Photo, Music: MP3, Cleanup: Water and Soap, ])
77,2,0.425414364640884,ConcederNegotiationParty@7,(Accept  bid:Bid[Food: Handmade Food, Drinks: Beer Only, Location: Party Tent, Invitations: Photo, Music: MP3, Cleanup: Water and Soap, ])
77,3,0.425414364640884,AgentBuyogMain@8,(Offer  bid:Bid[Food: Chips and Nuts, Drinks: Non-Alcoholic, Location: Party Tent, Invitations: Plain, Music: Band, Cleanup: Special Equiment, ])
78,1,0.430939226519337,RandomParty@6,(Offer  bid:Bid[Food: Finger-Food, Drinks: Handmade Cocktails, Location: Ballroom, Invitations: Plain, Music: DJ, Cleanup: Special Equiment, ])
78,2,0.430939226519337,ConcederNegotiationParty@7,(Accept  bid:Bid[Food: Finger-Food, Drinks: Handmade Cocktails, Location: Ballroom, Invitations: Plain, Music: DJ, Cleanup: Special Equiment, ])
78,3,0.430939226519337,AgentBuyogMain@8,(Offer  bid:Bid[Food: Chips and Nuts, Drinks: Non-Alcoholic, Location: Party Tent, Invitations: Plain, Music: Band, Cleanup: Special Equiment, ])
79,1,0.43646408839779005,RandomParty@6,(Offer  bid:Bid[Food: Chips and Nuts, Drinks: Non-Alcoholic, Location: Party Tent, Invitations: Custom, Printed, Music: MP3, Cleanup: Hired Help, ])
79,2,0.43646408839779005,ConcederNegotiationParty@7,(Accept  bid:Bid[Food: Chips and Nuts, Drinks: Non-Alcoholic, Location: Party Tent, Invitations: Custom, Printed, Music: MP3, Cleanup: Hired Help, ])
79,3,0.43646408839779005,AgentBuyogMain@8,(Accept  bid:Bid[Food: Chips and Nuts, Drinks: Non-Alcoholic, Location: Party Tent, Invitations: Custom, Printed, Music: MP3, Cleanup: Hired Help, ])
agreement,Bid[Food: Chips and Nuts, Drinks: Non-Alcoholic, Location: Party Tent, Invitations: Custom, Printed, Music: MP3, Cleanup: Hired Help, ],0.5633333333333334,0.48492855559621184,0.9715643166414755
