1,1,0.0055248618784530384,RandomParty@0,(Offer  bid:Bid[Food: Handmade Food, Drinks: Handmade Cocktails, Location: Party Room, Invitations: Custom, Handmade, Music: Band, Cleanup: Hired Help, ])
1,2,0.0055248618784530384,RandomParty2@1,(Offer  bid:Bid[Food: Catering, Drinks: Catering, Location: Your Dorm, Invitations: Custom, Printed, Music: DJ, Cleanup: Hired Help, ])
1,3,0.0055248618784530384,BoulwareNegotiationParty@2,(Offer  bid:Bid[Food: Chips and Nuts, Drinks: Non-Alcoholic, Location: Party Tent, Invitations: Plain, Music: Band, Cleanup: Hired Help, ])
2,1,0.011049723756906077,RandomParty@0,(Offer  bid:Bid[Food: Chips and Nuts, Drinks: Beer Only, Location: Party Tent, Invitations: Plain, Music: Band, Cleanup: Special Equiment, ])
2,2,0.011049723756906077,RandomParty2@1,(Offer  bid:Bid[Food: Catering, Drinks: Beer Only, Location: Party Room, Invitations: Plain, Music: Band, Cleanup: Water and Soap, ])
2,3,0.011049723756906077,BoulwareNegotiationParty@2,(Offer  bid:Bid[Food: Chips and Nuts, Drinks: Non-Alcoholic, Location: Party Tent, Invitations: Plain, Music: Band, Cleanup: Hired Help, ])
3,1,0.016574585635359115,RandomParty@0,(Offer  bid:Bid[Food: Finger-Food, Drinks: Catering, Location: Ballroom, Invitations: Custom, Handmade, Music: DJ, Cleanup: Special Equiment, ])
3,2,0.016574585635359115,RandomParty2@1,(Offer  bid:Bid[Food: Finger-Food, Drinks: Handmade Cocktails, Location: Party Tent, Invitations: Custom, Printed, Music: DJ, Cleanup: Special Equiment, ])
3,3,0.016574585635359115,BoulwareNegotiationParty@2,(Offer  bid:Bid[Food: Chips and Nuts, Drinks: Non-Alcoholic, Location: Party Tent, Invitations: Plain, Music: Band, Cleanup: Hired Help, ])
4,1,0.022099447513812154,RandomParty@0,(Offer  bid:Bid[Food: Chips and Nuts, Drinks: Handmade Cocktails, Location: Your Dorm, Invitations: Photo, Music: MP3, Cleanup: Specialized Materials, ])
4,2,0.022099447513812154,RandomParty2@1,(Offer  bid:Bid[Food: Finger-Food, Drinks: Handmade Cocktails, Location: Your Dorm, Invitations: Custom, Printed, Music: DJ, Cleanup: Hired Help, ])
4,3,0.022099447513812154,BoulwareNegotiationParty@2,(Offer  bid:Bid[Food: Chips and Nuts, Drinks: Non-Alcoholic, Location: Party Tent, Invitations: Plain, Music: Band, Cleanup: Hired Help, ])
5,1,0.027624309392265192,RandomParty@0,(Offer  bid:Bid[Food: Handmade Food, Drinks: Beer Only, Location: Party Room, Invitations: Photo, Music: DJ, Cleanup: Water and Soap, ])
5,2,0.027624309392265192,RandomParty2@1,(Offer  bid:Bid[Food: Catering, Drinks: Non-Alcoholic, Location: Party Tent, Invitations: Custom, Printed, Music: MP3, Cleanup: Specialized Materials, ])
5,3,0.027624309392265192,BoulwareNegotiationParty@2,(Offer  bid:Bid[Food: Chips and Nuts, Drinks: Non-Alcoholic, Location: Party Tent, Invitations: Plain, Music: Band, Cleanup: Hired Help, ])
6,1,0.03314917127071823,RandomParty@0,(Offer  bid:Bid[Food: Catering, Drinks: Handmade Cocktails, Location: Ballroom, Invitations: Custom, Handmade, Music: MP3, Cleanup: Specialized Materials, ])
6,2,0.03314917127071823,RandomParty2@1,(Offer  bid:Bid[Food: Catering, Drinks: Non-Alcoholic, Location: Your Dorm, Invitations: Custom, Printed, Music: DJ, Cleanup: Water and Soap, ])
6,3,0.03314917127071823,BoulwareNegotiationParty@2,(Offer  bid:Bid[Food: Chips and Nuts, Drinks: Non-Alcoholic, Location: Party Tent, Invitations: Plain, Music: Band, Cleanup: Hired Help, ])
7,1,0.03867403314917127,RandomParty@0,(Offer  bid:Bid[Food: Finger-Food, Drinks: Non-Alcoholic, Location: Ballroom, Invitations: Custom, Handmade, Music: DJ, Cleanup: Specialized Materials, ])
7,2,0.03867403314917127,RandomParty2@1,(Offer  bid:Bid[Food: Chips and Nuts, Drinks: Non-Alcoholic, Location: Your Dorm, Invitations: Plain, Music: DJ, Cleanup: Special Equiment, ])
7,3,0.03867403314917127,BoulwareNegotiationParty@2,(Offer  bid:Bid[Food: Chips and Nuts, Drinks: Non-Alcoholic, Location: Party Tent, Invitations: Plain, Music: Band, Cleanup: Hired Help, ])
8,1,0.04419889502762431,RandomParty@0,(Offer  bid:Bid[Food: Chips and Nuts, Drinks: Catering, Location: Your Dorm, Invitations: Plain, Music: DJ, Cleanup: Specialized Materials, ])
8,2,0.04419889502762431,RandomParty2@1,(Offer  bid:Bid[Food: Catering, Drinks: Beer Only, Location: Party Room, Invitations: Photo, Music: Band, Cleanup: Special Equiment, ])
8,3,0.04419889502762431,BoulwareNegotiationParty@2,(Offer  bid:Bid[Food: Chips and Nuts, Drinks: Non-Alcoholic, Location: Party Tent, Invitations: Plain, Music: Band, Cleanup: Hired Help, ])
9,1,0.049723756906077346,RandomParty@0,(Offer  bid:Bid[Food: Handmade Food, Drinks: Catering, Location: Party Tent, Invitations: Photo, Music: DJ, Cleanup: Hired Help, ])
9,2,0.049723756906077346,RandomParty2@1,(Offer  bid:Bid[Food: Handmade Food, Drinks: Catering, Location: Party Tent, Invitations: Custom, Printed, Music: Band, Cleanup: Hired Help, ])
9,3,0.049723756906077346,BoulwareNegotiationParty@2,(Offer  bid:Bid[Food: Chips and Nuts, Drinks: Non-Alcoholic, Location: Party Tent, Invitations: Plain, Music: Band, Cleanup: Hired Help, ])
10,1,0.055248618784530384,RandomParty@0,(Offer  bid:Bid[Food: Catering, Drinks: Beer Only, Location: Ballroom, Invitations: Custom, Handmade, Music: DJ, Cleanup: Hired Help, ])
10,2,0.055248618784530384,RandomParty2@1,(Offer  bid:Bid[Food: Chips and Nuts, Drinks: Non-Alcoholic, Location: Your Dorm, Invitations: Custom, Printed, Music: MP3, Cleanup: Special Equiment, ])
10,3,0.055248618784530384,BoulwareNegotiationParty@2,(Offer  bid:Bid[Food: Chips and Nuts, Drinks: Non-Alcoholic, Location: Party Tent, Invitations: Plain, Music: Band, Cleanup: Hired Help, ])
11,1,0.06077348066298342,RandomParty@0,(Offer  bid:Bid[Food: Catering, Drinks: Catering, Location: Ballroom, Invitations: Plain, Music: MP3, Cleanup: Hired Help, ])
11,2,0.06077348066298342,RandomParty2@1,(Offer  bid:Bid[Food: Chips and Nuts, Drinks: Catering, Location: Ballroom, Invitations: Custom, Handmade, Music: DJ, Cleanup: Hired Help, ])
11,3,0.06077348066298342,BoulwareNegotiationParty@2,(Offer  bid:Bid[Food: Chips and Nuts, Drinks: Non-Alcoholic, Location: Party Tent, Invitations: Plain, Music: Band, Cleanup: Hired Help, ])
12,1,0.06629834254143646,RandomParty@0,(Offer  bid:Bid[Food: Chips and Nuts, Drinks: Non-Alcoholic, Location: Party Tent, Invitations: Custom, Handmade, Music: DJ, Cleanup: Specialized Materials, ])
12,2,0.06629834254143646,RandomParty2@1,(Offer  bid:Bid[Food: Handmade Food, Drinks: Handmade Cocktails, Location: Party Room, Invitations: Custom, Printed, Music: Band, Cleanup: Specialized Materials, ])
12,3,0.06629834254143646,BoulwareNegotiationParty@2,(Offer  bid:Bid[Food: Chips and Nuts, Drinks: Non-Alcoholic, Location: Party Tent, Invitations: Plain, Music: Band, Cleanup: Hired Help, ])
13,1,0.0718232044198895,RandomParty@0,(Offer  bid:Bid[Food: Chips and Nuts, Drinks: Handmade Cocktails, Location: Ballroom, Invitations: Custom, Handmade, Music: Band, Cleanup: Hired Help, ])
13,2,0.0718232044198895,RandomParty2@1,(Offer  bid:Bid[Food: Handmade Food, Drinks: Non-Alcoholic, Location: Party Room, Invitations: Custom, Handmade, Music: DJ, Cleanup: Special Equiment, ])
13,3,0.0718232044198895,BoulwareNegotiationParty@2,(Offer  bid:Bid[Food: Chips and Nuts, Drinks: Non-Alcoholic, Location: Party Tent, Invitations: Plain, Music: Band, Cleanup: Hired Help, ])
14,1,0.07734806629834254,RandomParty@0,(Offer  bid:Bid[Food: Catering, Drinks: Catering, Location: Ballroom, Invitations: Custom, Handmade, Music: DJ, Cleanup: Hired Help, ])
14,2,0.07734806629834254,RandomParty2@1,(Offer  bid:Bid[Food: Finger-Food, Drinks: Handmade Cocktails, Location: Ballroom, Invitations: Plain, Music: Band, Cleanup: Water and Soap, ])
14,3,0.07734806629834254,BoulwareNegotiationParty@2,(Offer  bid:Bid[Food: Chips and Nuts, Drinks: Non-Alcoholic, Location: Party Tent, Invitations: Plain, Music: Band, Cleanup: Hired Help, ])
15,1,0.08287292817679558,RandomParty@0,(Offer  bid:Bid[Food: Finger-Food, Drinks: Beer Only, Location: Party Tent, Invitations: Photo, Music: DJ, Cleanup: Hired Help, ])
15,2,0.08287292817679558,RandomParty2@1,(Offer  bid:Bid[Food: Chips and Nuts, Drinks: Beer Only, Location: Ballroom, Invitations: Photo, Music: DJ, Cleanup: Water and Soap, ])
15,3,0.08287292817679558,BoulwareNegotiationParty@2,(Offer  bid:Bid[Food: Chips and Nuts, Drinks: Non-Alcoholic, Location: Party Tent, Invitations: Plain, Music: Band, Cleanup: Hired Help, ])
16,1,0.08839779005524862,RandomParty@0,(Offer  bid:Bid[Food: Finger-Food, Drinks: Non-Alcoholic, Location: Party Tent, Invitations: Custom, Printed, Music: Band, Cleanup: Specialized Materials, ])
16,2,0.08839779005524862,RandomParty2@1,(Offer  bid:Bid[Food: Finger-Food, Drinks: Beer Only, Location: Your Dorm, Invitations: Custom, Printed, Music: Band, Cleanup: Special Equiment, ])
16,3,0.08839779005524862,BoulwareNegotiationParty@2,(Offer  bid:Bid[Food: Chips and Nuts, Drinks: Non-Alcoholic, Location: Party Tent, Invitations: Plain, Music: Band, Cleanup: Hired Help, ])
17,1,0.09392265193370165,RandomParty@0,(Offer  bid:Bid[Food: Chips and Nuts, Drinks: Non-Alcoholic, Location: Party Tent, Invitations: Plain, Music: DJ, Cleanup: Specialized Materials, ])
17,2,0.09392265193370165,RandomParty2@1,(Offer  bid:Bid[Food: Handmade Food, Drinks: Catering, Location: Party Tent, Invitations: Photo, Music: DJ, Cleanup: Water and Soap, ])
17,3,0.09392265193370165,BoulwareNegotiationParty@2,(Offer  bid:Bid[Food: Chips and Nuts, Drinks: Non-Alcoholic, Location: Party Tent, Invitations: Plain, Music: Band, Cleanup: Hired Help, ])
18,1,0.09944751381215469,RandomParty@0,(Offer  bid:Bid[Food: Chips and Nuts, Drinks: Handmade Cocktails, Location: Party Tent, Invitations: Custom, Handmade, Music: MP3, Cleanup: Specialized Materials, ])
18,2,0.09944751381215469,RandomParty2@1,(Offer  bid:Bid[Food: Finger-Food, Drinks: Non-Alcoholic, Location: Ballroom, Invitations: Plain, Music: Band, Cleanup: Water and Soap, ])
18,3,0.09944751381215469,BoulwareNegotiationParty@2,(Offer  bid:Bid[Food: Chips and Nuts, Drinks: Non-Alcoholic, Location: Party Tent, Invitations: Plain, Music: Band, Cleanup: Hired Help, ])
19,1,0.10497237569060773,RandomParty@0,(Offer  bid:Bid[Food: Finger-Food, Drinks: Non-Alcoholic, Location: Party Room, Invitations: Photo, Music: DJ, Cleanup: Hired Help, ])
19,2,0.10497237569060773,RandomParty2@1,(Offer  bid:Bid[Food: Handmade Food, Drinks: Non-Alcoholic, Location: Ballroom, Invitations: Photo, Music: Band, Cleanup: Special Equiment, ])
19,3,0.10497237569060773,BoulwareNegotiationParty@2,(Offer  bid:Bid[Food: Chips and Nuts, Drinks: Non-Alcoholic, Location: Party Tent, Invitations: Plain, Music: Band, Cleanup: Hired Help, ])
20,1,0.11049723756906077,RandomParty@0,(Offer  bid:Bid[Food: Handmade Food, Drinks: Non-Alcoholic, Location: Your Dorm, Invitations: Photo, Music: Band, Cleanup: Special Equiment, ])
20,2,0.11049723756906077,RandomParty2@1,(Offer  bid:Bid[Food: Catering, Drinks: Beer Only, Location: Party Tent, Invitations: Custom, Printed, Music: MP3, Cleanup: Specialized Materials, ])
20,3,0.11049723756906077,BoulwareNegotiationParty@2,(Offer  bid:Bid[Food: Chips and Nuts, Drinks: Non-Alcoholic, Location: Party Tent, Invitations: Plain, Music: Band, Cleanup: Hired Help, ])
21,1,0.11602209944751381,RandomParty@0,(Offer  bid:Bid[Food: Finger-Food, Drinks: Handmade Cocktails, Location: Ballroom, Invitations: Custom, Handmade, Music: DJ, Cleanup: Special Equiment, ])
21,2,0.11602209944751381,RandomParty2@1,(Offer  bid:Bid[Food: Finger-Food, Drinks: Non-Alcoholic, Location: Party Room, Invitations: Plain, Music: DJ, Cleanup: Water and Soap, ])
21,3,0.11602209944751381,BoulwareNegotiationParty@2,(Offer  bid:Bid[Food: Chips and Nuts, Drinks: Non-Alcoholic, Location: Party Tent, Invitations: Plain, Music: Band, Cleanup: Hired Help, ])
22,1,0.12154696132596685,RandomParty@0,(Offer  bid:Bid[Food: Chips and Nuts, Drinks: Handmade Cocktails, Location: Your Dorm, Invitations: Custom, Printed, Music: MP3, Cleanup: Water and Soap, ])
22,2,0.12154696132596685,RandomParty2@1,(Offer  bid:Bid[Food: Catering, Drinks: Beer Only, Location: Party Room, Invitations: Custom, Printed, Music: DJ, Cleanup: Water and Soap, ])
22,3,0.12154696132596685,BoulwareNegotiationParty@2,(Offer  bid:Bid[Food: Chips and Nuts, Drinks: Non-Alcoholic, Location: Party Tent, Invitations: Plain, Music: Band, Cleanup: Hired Help, ])
23,1,0.1270718232044199,RandomParty@0,(Offer  bid:Bid[Food: Finger-Food, Drinks: Beer Only, Location: Party Tent, Invitations: Photo, Music: MP3, Cleanup: Special Equiment, ])
23,2,0.1270718232044199,RandomParty2@1,(Offer  bid:Bid[Food: Chips and Nuts, Drinks: Catering, Location: Party Room, Invitations: Plain, Music: MP3, Cleanup: Hired Help, ])
23,3,0.1270718232044199,BoulwareNegotiationParty@2,(Offer  bid:Bid[Food: Chips and Nuts, Drinks: Non-Alcoholic, Location: Party Tent, Invitations: Plain, Music: Band, Cleanup: Hired Help, ])
24,1,0.13259668508287292,RandomParty@0,(Offer  bid:Bid[Food: Chips and Nuts, Drinks: Beer Only, Location: Your Dorm, Invitations: Custom, Handmade, Music: Band, Cleanup: Water and Soap, ])
24,2,0.13259668508287292,RandomParty2@1,(Offer  bid:Bid[Food: Catering, Drinks: Beer Only, Location: Your Dorm, Invitations: Plain, Music: Band, Cleanup: Water and Soap, ])
24,3,0.13259668508287292,BoulwareNegotiationParty@2,(Offer  bid:Bid[Food: Chips and Nuts, Drinks: Non-Alcoholic, Location: Party Tent, Invitations: Plain, Music: Band, Cleanup: Hired Help, ])
25,1,0.13812154696132597,RandomParty@0,(Offer  bid:Bid[Food: Handmade Food, Drinks: Handmade Cocktails, Location: Ballroom, Invitations: Custom, Printed, Music: Band, Cleanup: Hired Help, ])
25,2,0.13812154696132597,RandomParty2@1,(Offer  bid:Bid[Food: Catering, Drinks: Beer Only, Location: Your Dorm, Invitations: Plain, Music: DJ, Cleanup: Hired Help, ])
25,3,0.13812154696132597,BoulwareNegotiationParty@2,(Offer  bid:Bid[Food: Chips and Nuts, Drinks: Non-Alcoholic, Location: Party Tent, Invitations: Plain, Music: Band, Cleanup: Hired Help, ])
26,1,0.143646408839779,RandomParty@0,(Offer  bid:Bid[Food: Finger-Food, Drinks: Catering, Location: Party Tent, Invitations: Photo, Music: DJ, Cleanup: Special Equiment, ])
26,2,0.143646408839779,RandomParty2@1,(Offer  bid:Bid[Food: Chips and Nuts, Drinks: Non-Alcoholic, Location: Party Tent, Invitations: Photo, Music: DJ, Cleanup: Hired Help, ])
26,3,0.143646408839779,BoulwareNegotiationParty@2,(Offer  bid:Bid[Food: Chips and Nuts, Drinks: Non-Alcoholic, Location: Party Tent, Invitations: Plain, Music: Band, Cleanup: Hired Help, ])
27,1,0.14917127071823205,RandomParty@0,(Offer  bid:Bid[Food: Finger-Food, Drinks: Handmade Cocktails, Location: Party Tent, Invitations: Custom, Handmade, Music: Band, Cleanup: Water and Soap, ])
27,2,0.14917127071823205,RandomParty2@1,(Offer  bid:Bid[Food: Chips and Nuts, Drinks: Catering, Location: Your Dorm, Invitations: Custom, Printed, Music: Band, Cleanup: Special Equiment, ])
27,3,0.14917127071823205,BoulwareNegotiationParty@2,(Offer  bid:Bid[Food: Chips and Nuts, Drinks: Non-Alcoholic, Location: Party Tent, Invitations: Plain, Music: Band, Cleanup: Hired Help, ])
28,1,0.15469613259668508,RandomParty@0,(Offer  bid:Bid[Food: Catering, Drinks: Handmade Cocktails, Location: Ballroom, Invitations: Photo, Music: DJ, Cleanup: Special Equiment, ])
28,2,0.15469613259668508,RandomParty2@1,(Offer  bid:Bid[Food: Handmade Food, Drinks: Catering, Location: Ballroom, Invitations: Custom, Handmade, Music: DJ, Cleanup: Hired Help, ])
28,3,0.15469613259668508,BoulwareNegotiationParty@2,(Offer  bid:Bid[Food: Chips and Nuts, Drinks: Non-Alcoholic, Location: Party Tent, Invitations: Plain, Music: Band, Cleanup: Hired Help, ])
29,1,0.16022099447513813,RandomParty@0,(Offer  bid:Bid[Food: Chips and Nuts, Drinks: Non-Alcoholic, Location: Party Room, Invitations: Plain, Music: Band, Cleanup: Hired Help, ])
29,2,0.16022099447513813,RandomParty2@1,(Offer  bid:Bid[Food: Catering, Drinks: Beer Only, Location: Ballroom, Invitations: Plain, Music: Band, Cleanup: Water and Soap, ])
29,3,0.16022099447513813,BoulwareNegotiationParty@2,(Offer  bid:Bid[Food: Chips and Nuts, Drinks: Non-Alcoholic, Location: Party Tent, Invitations: Plain, Music: Band, Cleanup: Hired Help, ])
30,1,0.16574585635359115,RandomParty@0,(Offer  bid:Bid[Food: Handmade Food, Drinks: Beer Only, Location: Party Tent, Invitations: Plain, Music: DJ, Cleanup: Specialized Materials, ])
30,2,0.16574585635359115,RandomParty2@1,(Offer  bid:Bid[Food: Catering, Drinks: Non-Alcoholic, Location: Party Tent, Invitations: Photo, Music: Band, Cleanup: Special Equiment, ])
30,3,0.16574585635359115,BoulwareNegotiationParty@2,(Offer  bid:Bid[Food: Chips and Nuts, Drinks: Non-Alcoholic, Location: Party Tent, Invitations: Plain, Music: Band, Cleanup: Hired Help, ])
31,1,0.1712707182320442,RandomParty@0,(Offer  bid:Bid[Food: Chips and Nuts, Drinks: Catering, Location: Your Dorm, Invitations: Custom, Handmade, Music: Band, Cleanup: Water and Soap, ])
31,2,0.1712707182320442,RandomParty2@1,(Offer  bid:Bid[Food: Handmade Food, Drinks: Handmade Cocktails, Location: Your Dorm, Invitations: Plain, Music: Band, Cleanup: Hired Help, ])
31,3,0.1712707182320442,BoulwareNegotiationParty@2,(Offer  bid:Bid[Food: Chips and Nuts, Drinks: Non-Alcoholic, Location: Party Tent, Invitations: Plain, Music: Band, Cleanup: Hired Help, ])
32,1,0.17679558011049723,RandomParty@0,(Offer  bid:Bid[Food: Finger-Food, Drinks: Handmade Cocktails, Location: Party Room, Invitations: Custom, Printed, Music: MP3, Cleanup: Hired Help, ])
32,2,0.17679558011049723,RandomParty2@1,(Offer  bid:Bid[Food: Handmade Food, Drinks: Catering, Location: Party Room, Invitations: Plain, Music: Band, Cleanup: Hired Help, ])
32,3,0.17679558011049723,BoulwareNegotiationParty@2,(Offer  bid:Bid[Food: Chips and Nuts, Drinks: Non-Alcoholic, Location: Party Tent, Invitations: Plain, Music: Band, Cleanup: Hired Help, ])
33,1,0.18232044198895028,RandomParty@0,(Offer  bid:Bid[Food: Chips and Nuts, Drinks: Beer Only, Location: Your Dorm, Invitations: Plain, Music: MP3, Cleanup: Water and Soap, ])
33,2,0.18232044198895028,RandomParty2@1,(Offer  bid:Bid[Food: Chips and Nuts, Drinks: Non-Alcoholic, Location: Ballroom, Invitations: Custom, Handmade, Music: Band, Cleanup: Water and Soap, ])
33,3,0.18232044198895028,BoulwareNegotiationParty@2,(Offer  bid:Bid[Food: Chips and Nuts, Drinks: Non-Alcoholic, Location: Party Tent, Invitations: Plain, Music: Band, Cleanup: Hired Help, ])
34,1,0.1878453038674033,RandomParty@0,(Offer  bid:Bid[Food: Finger-Food, Drinks: Handmade Cocktails, Location: Party Room, Invitations: Custom, Handmade, Music: Band, Cleanup: Hired Help, ])
34,2,0.1878453038674033,RandomParty2@1,(Offer  bid:Bid[Food: Catering, Drinks: Handmade Cocktails, Location: Your Dorm, Invitations: Custom, Handmade, Music: MP3, Cleanup: Hired Help, ])
34,3,0.1878453038674033,BoulwareNegotiationParty@2,(Offer  bid:Bid[Food: Chips and Nuts, Drinks: Non-Alcoholic, Location: Party Tent, Invitations: Plain, Music: Band, Cleanup: Hired Help, ])
35,1,0.19337016574585636,RandomParty@0,(Offer  bid:Bid[Food: Handmade Food, Drinks: Beer Only, Location: Party Room, Invitations: Plain, Music: Band, Cleanup: Special Equiment, ])
35,2,0.19337016574585636,RandomParty2@1,(Offer  bid:Bid[Food: Chips and Nuts, Drinks: Non-Alcoholic, Location: Ballroom, Invitations: Custom, Printed, Music: Band, Cleanup: Hired Help, ])
35,3,0.19337016574585636,BoulwareNegotiationParty@2,(Offer  bid:Bid[Food: Chips and Nuts, Drinks: Non-Alcoholic, Location: Party Tent, Invitations: Plain, Music: Band, Cleanup: Hired Help, ])
36,1,0.19889502762430938,RandomParty@0,(Offer  bid:Bid[Food: Catering, Drinks: Catering, Location: Ballroom, Invitations: Custom, Handmade, Music: MP3, Cleanup: Water and Soap, ])
36,2,0.19889502762430938,RandomParty2@1,(Offer  bid:Bid[Food: Finger-Food, Drinks: Beer Only, Location: Party Room, Invitations: Photo, Music: MP3, Cleanup: Water and Soap, ])
36,3,0.19889502762430938,BoulwareNegotiationParty@2,(Offer  bid:Bid[Food: Chips and Nuts, Drinks: Non-Alcoholic, Location: Party Tent, Invitations: Plain, Music: Band, Cleanup: Hired Help, ])
37,1,0.20441988950276244,RandomParty@0,(Offer  bid:Bid[Food: Finger-Food, Drinks: Handmade Cocktails, Location: Party Room, Invitations: Custom, Handmade, Music: MP3, Cleanup: Special Equiment, ])
37,2,0.20441988950276244,RandomParty2@1,(Offer  bid:Bid[Food: Chips and Nuts, Drinks: Beer Only, Location: Party Room, Invitations: Photo, Music: DJ, Cleanup: Hired Help, ])
37,3,0.20441988950276244,BoulwareNegotiationParty@2,(Offer  bid:Bid[Food: Chips and Nuts, Drinks: Non-Alcoholic, Location: Party Tent, Invitations: Plain, Music: Band, Cleanup: Hired Help, ])
38,1,0.20994475138121546,RandomParty@0,(Offer  bid:Bid[Food: Handmade Food, Drinks: Catering, Location: Party Room, Invitations: Custom, Handmade, Music: Band, Cleanup: Water and Soap, ])
38,2,0.20994475138121546,RandomParty2@1,(Offer  bid:Bid[Food: Chips and Nuts, Drinks: Handmade Cocktails, Location: Party Room, Invitations: Photo, Music: Band, Cleanup: Special Equiment, ])
38,3,0.20994475138121546,BoulwareNegotiationParty@2,(Offer  bid:Bid[Food: Chips and Nuts, Drinks: Non-Alcoholic, Location: Party Tent, Invitations: Plain, Music: Band, Cleanup: Hired Help, ])
39,1,0.2154696132596685,RandomParty@0,(Offer  bid:Bid[Food: Finger-Food, Drinks: Catering, Location: Your Dorm, Invitations: Custom, Printed, Music: MP3, Cleanup: Water and Soap, ])
39,2,0.2154696132596685,RandomParty2@1,(Offer  bid:Bid[Food: Handmade Food, Drinks: Non-Alcoholic, Location: Your Dorm, Invitations: Custom, Printed, Music: DJ, Cleanup: Water and Soap, ])
39,3,0.2154696132596685,BoulwareNegotiationParty@2,(Offer  bid:Bid[Food: Chips and Nuts, Drinks: Non-Alcoholic, Location: Party Tent, Invitations: Plain, Music: Band, Cleanup: Hired Help, ])
40,1,0.22099447513812154,RandomParty@0,(Offer  bid:Bid[Food: Finger-Food, Drinks: Catering, Location: Ballroom, Invitations: Plain, Music: MP3, Cleanup: Water and Soap, ])
40,2,0.22099447513812154,RandomParty2@1,(Offer  bid:Bid[Food: Catering, Drinks: Handmade Cocktails, Location: Ballroom, Invitations: Photo, Music: DJ, Cleanup: Hired Help, ])
40,3,0.22099447513812154,BoulwareNegotiationParty@2,(Offer  bid:Bid[Food: Chips and Nuts, Drinks: Non-Alcoholic, Location: Party Tent, Invitations: Plain, Music: Band, Cleanup: Hired Help, ])
41,1,0.2265193370165746,RandomParty@0,(Offer  bid:Bid[Food: Catering, Drinks: Catering, Location: Party Room, Invitations: Custom, Handmade, Music: DJ, Cleanup: Special Equiment, ])
41,2,0.2265193370165746,RandomParty2@1,(Offer  bid:Bid[Food: Finger-Food, Drinks: Beer Only, Location: Party Tent, Invitations: Custom, Handmade, Music: Band, Cleanup: Water and Soap, ])
41,3,0.2265193370165746,BoulwareNegotiationParty@2,(Offer  bid:Bid[Food: Chips and Nuts, Drinks: Non-Alcoholic, Location: Party Tent, Invitations: Plain, Music: Band, Cleanup: Hired Help, ])
42,1,0.23204419889502761,RandomParty@0,(Offer  bid:Bid[Food: Handmade Food, Drinks: Non-Alcoholic, Location: Party Room, Invitations: Custom, Printed, Music: MP3, Cleanup: Water and Soap, ])
42,2,0.23204419889502761,RandomParty2@1,(Offer  bid:Bid[Food: Handmade Food, Drinks: Catering, Location: Your Dorm, Invitations: Custom, Printed, Music: MP3, Cleanup: Special Equiment, ])
42,3,0.23204419889502761,BoulwareNegotiationParty@2,(Offer  bid:Bid[Food: Chips and Nuts, Drinks: Non-Alcoholic, Location: Party Tent, Invitations: Plain, Music: Band, Cleanup: Hired Help, ])
43,1,0.23756906077348067,RandomParty@0,(Offer  bid:Bid[Food: Chips and Nuts, Drinks: Non-Alcoholic, Location: Party Tent, Invitations: Custom, Handmade, Music: Band, Cleanup: Hired Help, ])
43,2,0.23756906077348067,RandomParty2@1,(Offer  bid:Bid[Food: Finger-Food, Drinks: Non-Alcoholic, Location: Ballroom, Invitations: Custom, Printed, Music: DJ, Cleanup: Hired Help, ])
43,3,0.23756906077348067,BoulwareNegotiationParty@2,(Offer  bid:Bid[Food: Chips and Nuts, Drinks: Non-Alcoholic, Location: Party Tent, Invitations: Plain, Music: Band, Cleanup: Hired Help, ])
44,1,0.2430939226519337,RandomParty@0,(Offer  bid:Bid[Food: Handmade Food, Drinks: Catering, Location: Ballroom, Invitations: Photo, Music: MP3, Cleanup: Water and Soap, ])
44,2,0.2430939226519337,RandomParty2@1,(Offer  bid:Bid[Food: Chips and Nuts, Drinks: Beer Only, Location: Party Tent, Invitations: Custom, Printed, Music: MP3, Cleanup: Specialized Materials, ])
44,3,0.2430939226519337,BoulwareNegotiationParty@2,(Offer  bid:Bid[Food: Chips and Nuts, Drinks: Non-Alcoholic, Location: Party Tent, Invitations: Plain, Music: Band, Cleanup: Hired Help, ])
45,1,0.24861878453038674,RandomParty@0,(Offer  bid:Bid[Food: Handmade Food, Drinks: Catering, Location: Party Tent, Invitations: Custom, Printed, Music: DJ, Cleanup: Hired Help, ])
45,2,0.24861878453038674,RandomParty2@1,(Offer  bid:Bid[Food: Handmade Food, Drinks: Beer Only, Location: Ballroom, Invitations: Custom, Handmade, Music: DJ, Cleanup: Special Equiment, ])
45,3,0.24861878453038674,BoulwareNegotiationParty@2,(Offer  bid:Bid[Food: Chips and Nuts, Drinks: Non-Alcoholic, Location: Party Tent, Invitations: Plain, Music: Band, Cleanup: Hired Help, ])
46,1,0.2541436464088398,RandomParty@0,(Offer  bid:Bid[Food: Handmade Food, Drinks: Handmade Cocktails, Location: Party Tent, Invitations: Custom, Printed, Music: Band, Cleanup: Water and Soap, ])
46,2,0.2541436464088398,RandomParty2@1,(Offer  bid:Bid[Food: Chips and Nuts, Drinks: Non-Alcoholic, Location: Party Room, Invitations: Plain, Music: DJ, Cleanup: Hired Help, ])
46,3,0.2541436464088398,BoulwareNegotiationParty@2,(Offer  bid:Bid[Food: Chips and Nuts, Drinks: Non-Alcoholic, Location: Party Tent, Invitations: Plain, Music: Band, Cleanup: Hired Help, ])
47,1,0.2596685082872928,RandomParty@0,(Offer  bid:Bid[Food: Handmade Food, Drinks: Catering, Location: Ballroom, Invitations: Custom, Printed, Music: DJ, Cleanup: Special Equiment, ])
47,2,0.2596685082872928,RandomParty2@1,(Offer  bid:Bid[Food: Finger-Food, Drinks: Handmade Cocktails, Location: Ballroom, Invitations: Custom, Handmade, Music: Band, Cleanup: Hired Help, ])
47,3,0.2596685082872928,BoulwareNegotiationParty@2,(Offer  bid:Bid[Food: Chips and Nuts, Drinks: Non-Alcoholic, Location: Party Tent, Invitations: Plain, Music: Band, Cleanup: Hired Help, ])
48,1,0.26519337016574585,RandomParty@0,(Offer  bid:Bid[Food: Chips and Nuts, Drinks: Non-Alcoholic, Location: Party Room, Invitations: Custom, Handmade, Music: MP3, Cleanup: Specialized Materials, ])
48,2,0.26519337016574585,RandomParty2@1,(Offer  bid:Bid[Food: Chips and Nuts, Drinks: Handmade Cocktails, Location: Ballroom, Invitations: Custom, Handmade, Music: MP3, Cleanup: Water and Soap, ])
48,3,0.26519337016574585,BoulwareNegotiationParty@2,(Offer  bid:Bid[Food: Chips and Nuts, Drinks: Non-Alcoholic, Location: Party Tent, Invitations: Plain, Music: Band, Cleanup: Hired Help, ])
49,1,0.27071823204419887,RandomParty@0,(Offer  bid:Bid[Food: Chips and Nuts, Drinks: Catering, Location: Party Room, Invitations: Custom, Printed, Music: MP3, Cleanup: Special Equiment, ])
49,2,0.27071823204419887,RandomParty2@1,(Offer  bid:Bid[Food: Chips and Nuts, Drinks: Handmade Cocktails, Location: Party Tent, Invitations: Custom, Printed, Music: Band, Cleanup: Special Equiment, ])
49,3,0.27071823204419887,BoulwareNegotiationParty@2,(Offer  bid:Bid[Food: Chips and Nuts, Drinks: Non-Alcoholic, Location: Party Tent, Invitations: Plain, Music: Band, Cleanup: Hired Help, ])
50,1,0.27624309392265195,RandomParty@0,(Offer  bid:Bid[Food: Catering, Drinks: Handmade Cocktails, Location: Ballroom, Invitations: Plain, Music: Band, Cleanup: Water and Soap, ])
50,2,0.27624309392265195,RandomParty2@1,(Offer  bid:Bid[Food: Finger-Food, Drinks: Beer Only, Location: Ballroom, Invitations: Photo, Music: MP3, Cleanup: Special Equiment, ])
50,3,0.27624309392265195,BoulwareNegotiationParty@2,(Offer  bid:Bid[Food: Chips and Nuts, Drinks: Non-Alcoholic, Location: Party Tent, Invitations: Plain, Music: Band, Cleanup: Hired Help, ])
51,1,0.281767955801105,RandomParty@0,(Offer  bid:Bid[Food: Finger-Food, Drinks: Beer Only, Location: Your Dorm, Invitations: Custom, Printed, Music: DJ, Cleanup: Special Equiment, ])
51,2,0.281767955801105,RandomParty2@1,(Offer  bid:Bid[Food: Catering, Drinks: Catering, Location: Your Dorm, Invitations: Plain, Music: Band, Cleanup: Hired Help, ])
51,3,0.281767955801105,BoulwareNegotiationParty@2,(Offer  bid:Bid[Food: Chips and Nuts, Drinks: Non-Alcoholic, Location: Party Tent, Invitations: Plain, Music: Band, Cleanup: Hired Help, ])
52,1,0.287292817679558,RandomParty@0,(Offer  bid:Bid[Food: Chips and Nuts, Drinks: Non-Alcoholic, Location: Party Tent, Invitations: Custom, Handmade, Music: DJ, Cleanup: Water and Soap, ])
52,2,0.287292817679558,RandomParty2@1,(Offer  bid:Bid[Food: Chips and Nuts, Drinks: Handmade Cocktails, Location: Party Room, Invitations: Plain, Music: Band, Cleanup: Specialized Materials, ])
52,3,0.287292817679558,BoulwareNegotiationParty@2,(Offer  bid:Bid[Food: Chips and Nuts, Drinks: Non-Alcoholic, Location: Party Tent, Invitations: Plain, Music: Band, Cleanup: Hired Help, ])
53,1,0.292817679558011,RandomParty@0,(Offer  bid:Bid[Food: Catering, Drinks: Non-Alcoholic, Location: Party Room, Invitations: Photo, Music: Band, Cleanup: Special Equiment, ])
53,2,0.292817679558011,RandomParty2@1,(Offer  bid:Bid[Food: Finger-Food, Drinks: Beer Only, Location: Your Dorm, Invitations: Custom, Handmade, Music: Band, Cleanup: Specialized Materials, ])
53,3,0.292817679558011,BoulwareNegotiationParty@2,(Offer  bid:Bid[Food: Chips and Nuts, Drinks: Non-Alcoholic, Location: Party Tent, Invitations: Plain, Music: Band, Cleanup: Hired Help, ])
54,1,0.2983425414364641,RandomParty@0,(Offer  bid:Bid[Food: Chips and Nuts, Drinks: Non-Alcoholic, Location: Ballroom, Invitations: Photo, Music: MP3, Cleanup: Hired Help, ])
54,2,0.2983425414364641,RandomParty2@1,(Offer  bid:Bid[Food: Handmade Food, Drinks: Handmade Cocktails, Location: Ballroom, Invitations: Plain, Music: Band, Cleanup: Hired Help, ])
54,3,0.2983425414364641,BoulwareNegotiationParty@2,(Offer  bid:Bid[Food: Chips and Nuts, Drinks: Non-Alcoholic, Location: Party Tent, Invitations: Plain, Music: Band, Cleanup: Hired Help, ])
55,1,0.30386740331491713,RandomParty@0,(Offer  bid:Bid[Food: Catering, Drinks: Handmade Cocktails, Location: Ballroom, Invitations: Photo, Music: MP3, Cleanup: Special Equiment, ])
55,2,0.30386740331491713,RandomParty2@1,(Offer  bid:Bid[Food: Handmade Food, Drinks: Handmade Cocktails, Location: Ballroom, Invitations: Custom, Printed, Music: Band, Cleanup: Specialized Materials, ])
55,3,0.30386740331491713,BoulwareNegotiationParty@2,(Offer  bid:Bid[Food: Chips and Nuts, Drinks: Non-Alcoholic, Location: Party Tent, Invitations: Plain, Music: Band, Cleanup: Hired Help, ])
56,1,0.30939226519337015,RandomParty@0,(Offer  bid:Bid[Food: Chips and Nuts, Drinks: Beer Only, Location: Party Room, Invitations: Photo, Music: DJ, Cleanup: Specialized Materials, ])
56,2,0.30939226519337015,RandomParty2@1,(Offer  bid:Bid[Food: Handmade Food, Drinks: Non-Alcoholic, Location: Party Tent, Invitations: Photo, Music: Band, Cleanup: Hired Help, ])
56,3,0.30939226519337015,BoulwareNegotiationParty@2,(Offer  bid:Bid[Food: Chips and Nuts, Drinks: Non-Alcoholic, Location: Party Tent, Invitations: Plain, Music: Band, Cleanup: Hired Help, ])
57,1,0.3149171270718232,RandomParty@0,(Offer  bid:Bid[Food: Handmade Food, Drinks: Non-Alcoholic, Location: Your Dorm, Invitations: Custom, Printed, Music: MP3, Cleanup: Specialized Materials, ])
57,2,0.3149171270718232,RandomParty2@1,(Offer  bid:Bid[Food: Handmade Food, Drinks: Catering, Location: Your Dorm, Invitations: Plain, Music: MP3, Cleanup: Specialized Materials, ])
57,3,0.3149171270718232,BoulwareNegotiationParty@2,(Offer  bid:Bid[Food: Chips and Nuts, Drinks: Non-Alcoholic, Location: Party Tent, Invitations: Plain, Music: Band, Cleanup: Hired Help, ])
58,1,0.32044198895027626,RandomParty@0,(Offer  bid:Bid[Food: Chips and Nuts, Drinks: Non-Alcoholic, Location: Ballroom, Invitations: Photo, Music: Band, Cleanup: Specialized Materials, ])
58,2,0.32044198895027626,RandomParty2@1,(Offer  bid:Bid[Food: Catering, Drinks: Handmade Cocktails, Location: Your Dorm, Invitations: Custom, Handmade, Music: Band, Cleanup: Specialized Materials, ])
58,3,0.32044198895027626,BoulwareNegotiationParty@2,(Offer  bid:Bid[Food: Chips and Nuts, Drinks: Non-Alcoholic, Location: Party Tent, Invitations: Plain, Music: Band, Cleanup: Hired Help, ])
59,1,0.3259668508287293,RandomParty@0,(Offer  bid:Bid[Food: Finger-Food, Drinks: Non-Alcoholic, Location: Ballroom, Invitations: Custom, Printed, Music: MP3, Cleanup: Specialized Materials, ])
59,2,0.3259668508287293,RandomParty2@1,(Offer  bid:Bid[Food: Chips and Nuts, Drinks: Beer Only, Location: Party Tent, Invitations: Photo, Music: Band, Cleanup: Water and Soap, ])
59,3,0.3259668508287293,BoulwareNegotiationParty@2,(Offer  bid:Bid[Food: Chips and Nuts, Drinks: Non-Alcoholic, Location: Party Tent, Invitations: Plain, Music: Band, Cleanup: Hired Help, ])
60,1,0.3314917127071823,RandomParty@0,(Offer  bid:Bid[Food: Catering, Drinks: Handmade Cocktails, Location: Party Tent, Invitations: Photo, Music: Band, Cleanup: Specialized Materials, ])
60,2,0.3314917127071823,RandomParty2@1,(Offer  bid:Bid[Food: Chips and Nuts, Drinks: Handmade Cocktails, Location: Party Tent, Invitations: Plain, Music: Band, Cleanup: Hired Help, ])
60,3,0.3314917127071823,BoulwareNegotiationParty@2,(Offer  bid:Bid[Food: Chips and Nuts, Drinks: Non-Alcoholic, Location: Party Tent, Invitations: Plain, Music: Band, Cleanup: Hired Help, ])
61,1,0.3370165745856354,RandomParty@0,(Offer  bid:Bid[Food: Chips and Nuts, Drinks: Non-Alcoholic, Location: Party Tent, Invitations: Custom, Handmade, Music: Band, Cleanup: Special Equiment, ])
61,2,0.3370165745856354,RandomParty2@1,(Offer  bid:Bid[Food: Finger-Food, Drinks: Catering, Location: Party Tent, Invitations: Photo, Music: Band, Cleanup: Special Equiment, ])
61,3,0.3370165745856354,BoulwareNegotiationParty@2,(Offer  bid:Bid[Food: Chips and Nuts, Drinks: Non-Alcoholic, Location: Party Tent, Invitations: Plain, Music: Band, Cleanup: Hired Help, ])
62,1,0.3425414364640884,RandomParty@0,(Offer  bid:Bid[Food: Catering, Drinks: Handmade Cocktails, Location: Party Room, Invitations: Photo, Music: DJ, Cleanup: Special Equiment, ])
62,2,0.3425414364640884,RandomParty2@1,(Offer  bid:Bid[Food: Finger-Food, Drinks: Catering, Location: Party Tent, Invitations: Photo, Music: Band, Cleanup: Water and Soap, ])
62,3,0.3425414364640884,BoulwareNegotiationParty@2,(Offer  bid:Bid[Food: Chips and Nuts, Drinks: Non-Alcoholic, Location: Party Tent, Invitations: Plain, Music: Band, Cleanup: Hired Help, ])
63,1,0.34806629834254144,RandomParty@0,(Offer  bid:Bid[Food: Handmade Food, Drinks: Beer Only, Location: Party Room, Invitations: Custom, Printed, Music: Band, Cleanup: Hired Help, ])
63,2,0.34806629834254144,RandomParty2@1,(Offer  bid:Bid[Food: Chips and Nuts, Drinks: Handmade Cocktails, Location: Your Dorm, Invitations: Plain, Music: Band, Cleanup: Specialized Materials, ])
63,3,0.34806629834254144,BoulwareNegotiationParty@2,(Offer  bid:Bid[Food: Chips and Nuts, Drinks: Non-Alcoholic, Location: Party Tent, Invitations: Plain, Music: Band, Cleanup: Hired Help, ])
64,1,0.35359116022099446,RandomParty@0,(Offer  bid:Bid[Food: Catering, Drinks: Catering, Location: Party Tent, Invitations: Custom, Printed, Music: DJ, Cleanup: Special Equiment, ])
64,2,0.35359116022099446,RandomParty2@1,(Offer  bid:Bid[Food: Handmade Food, Drinks: Handmade Cocktails, Location: Your Dorm, Invitations: Custom, Handmade, Music: MP3, Cleanup: Hired Help, ])
64,3,0.35359116022099446,BoulwareNegotiationParty@2,(Offer  bid:Bid[Food: Chips and Nuts, Drinks: Non-Alcoholic, Location: Party Tent, Invitations: Plain, Music: Band, Cleanup: Hired Help, ])
65,1,0.35911602209944754,RandomParty@0,(Offer  bid:Bid[Food: Handmade Food, Drinks: Beer Only, Location: Ballroom, Invitations: Plain, Music: Band, Cleanup: Specialized Materials, ])
65,2,0.35911602209944754,RandomParty2@1,(Offer  bid:Bid[Food: Chips and Nuts, Drinks: Handmade Cocktails, Location: Party Room, Invitations: Photo, Music: MP3, Cleanup: Hired Help, ])
65,3,0.35911602209944754,BoulwareNegotiationParty@2,(Offer  bid:Bid[Food: Chips and Nuts, Drinks: Non-Alcoholic, Location: Party Tent, Invitations: Plain, Music: Band, Cleanup: Hired Help, ])
66,1,0.36464088397790057,RandomParty@0,(Offer  bid:Bid[Food: Chips and Nuts, Drinks: Beer Only, Location: Your Dorm, Invitations: Custom, Handmade, Music: Band, Cleanup: Water and Soap, ])
66,2,0.36464088397790057,RandomParty2@1,(Offer  bid:Bid[Food: Catering, Drinks: Catering, Location: Your Dorm, Invitations: Custom, Printed, Music: Band, Cleanup: Water and Soap, ])
66,3,0.36464088397790057,BoulwareNegotiationParty@2,(Offer  bid:Bid[Food: Chips and Nuts, Drinks: Non-Alcoholic, Location: Party Tent, Invitations: Custom, Printed, Music: Band, Cleanup: Hired Help, ])
67,1,0.3701657458563536,RandomParty@0,(Offer  bid:Bid[Food: Catering, Drinks: Handmade Cocktails, Location: Ballroom, Invitations: Plain, Music: Band, Cleanup: Special Equiment, ])
67,2,0.3701657458563536,RandomParty2@1,(Offer  bid:Bid[Food: Chips and Nuts, Drinks: Beer Only, Location: Ballroom, Invitations: Plain, Music: Band, Cleanup: Water and Soap, ])
67,3,0.3701657458563536,BoulwareNegotiationParty@2,(Offer  bid:Bid[Food: Chips and Nuts, Drinks: Non-Alcoholic, Location: Party Tent, Invitations: Custom, Printed, Music: Band, Cleanup: Hired Help, ])
68,1,0.3756906077348066,RandomParty@0,(Offer  bid:Bid[Food: Chips and Nuts, Drinks: Non-Alcoholic, Location: Party Tent, Invitations: Plain, Music: DJ, Cleanup: Special Equiment, ])
68,2,0.3756906077348066,RandomParty2@1,(Offer  bid:Bid[Food: Catering, Drinks: Non-Alcoholic, Location: Party Tent, Invitations: Custom, Printed, Music: DJ, Cleanup: Water and Soap, ])
68,3,0.3756906077348066,BoulwareNegotiationParty@2,(Offer  bid:Bid[Food: Chips and Nuts, Drinks: Non-Alcoholic, Location: Party Tent, Invitations: Custom, Printed, Music: Band, Cleanup: Hired Help, ])
69,1,0.3812154696132597,RandomParty@0,(Offer  bid:Bid[Food: Chips and Nuts, Drinks: Catering, Location: Party Tent, Invitations: Custom, Printed, Music: DJ, Cleanup: Water and Soap, ])
69,2,0.3812154696132597,RandomParty2@1,(Offer  bid:Bid[Food: Handmade Food, Drinks: Beer Only, Location: Party Tent, Invitations: Custom, Printed, Music: DJ, Cleanup: Special Equiment, ])
69,3,0.3812154696132597,BoulwareNegotiationParty@2,(Offer  bid:Bid[Food: Chips and Nuts, Drinks: Non-Alcoholic, Location: Party Tent, Invitations: Custom, Printed, Music: Band, Cleanup: Hired Help, ])
70,1,0.3867403314917127,RandomParty@0,(Offer  bid:Bid[Food: Finger-Food, Drinks: Beer Only, Location: Party Room, Invitations: Custom, Printed, Music: MP3, Cleanup: Special Equiment, ])
70,2,0.3867403314917127,RandomParty2@1,(Offer  bid:Bid[Food: Handmade Food, Drinks: Handmade Cocktails, Location: Ballroom, Invitations: Custom, Printed, Music: Band, Cleanup: Specialized Materials, ])
70,3,0.3867403314917127,BoulwareNegotiationParty@2,(Offer  bid:Bid[Food: Chips and Nuts, Drinks: Non-Alcoholic, Location: Party Tent, Invitations: Custom, Printed, Music: Band, Cleanup: Hired Help, ])
71,1,0.39226519337016574,RandomParty@0,(Offer  bid:Bid[Food: Finger-Food, Drinks: Handmade Cocktails, Location: Party Tent, Invitations: Photo, Music: Band, Cleanup: Special Equiment, ])
71,2,0.39226519337016574,RandomParty2@1,(Offer  bid:Bid[Food: Chips and Nuts, Drinks: Handmade Cocktails, Location: Ballroom, Invitations: Custom, Printed, Music: MP3, Cleanup: Special Equiment, ])
71,3,0.39226519337016574,BoulwareNegotiationParty@2,(Offer  bid:Bid[Food: Chips and Nuts, Drinks: Non-Alcoholic, Location: Party Tent, Invitations: Custom, Printed, Music: Band, Cleanup: Hired Help, ])
72,1,0.39779005524861877,RandomParty@0,(Offer  bid:Bid[Food: Catering, Drinks: Beer Only, Location: Party Room, Invitations: Custom, Printed, Music: Band, Cleanup: Specialized Materials, ])
72,2,0.39779005524861877,RandomParty2@1,(Offer  bid:Bid[Food: Handmade Food, Drinks: Catering, Location: Party Tent, Invitations: Plain, Music: DJ, Cleanup: Hired Help, ])
72,3,0.39779005524861877,BoulwareNegotiationParty@2,(Offer  bid:Bid[Food: Chips and Nuts, Drinks: Non-Alcoholic, Location: Party Tent, Invitations: Custom, Printed, Music: Band, Cleanup: Hired Help, ])
73,1,0.40331491712707185,RandomParty@0,(Offer  bid:Bid[Food: Catering, Drinks: Handmade Cocktails, Location: Party Room, Invitations: Photo, Music: MP3, Cleanup: Water and Soap, ])
73,2,0.40331491712707185,RandomParty2@1,(Offer  bid:Bid[Food: Finger-Food, Drinks: Beer Only, Location: Ballroom, Invitations: Custom, Handmade, Music: Band, Cleanup: Special Equiment, ])
73,3,0.40331491712707185,BoulwareNegotiationParty@2,(Offer  bid:Bid[Food: Chips and Nuts, Drinks: Non-Alcoholic, Location: Party Tent, Invitations: Custom, Printed, Music: Band, Cleanup: Hired Help, ])
74,1,0.4088397790055249,RandomParty@0,(Offer  bid:Bid[Food: Finger-Food, Drinks: Beer Only, Location: Your Dorm, Invitations: Photo, Music: MP3, Cleanup: Water and Soap, ])
74,2,0.4088397790055249,RandomParty2@1,(Offer  bid:Bid[Food: Catering, Drinks: Beer Only, Location: Party Room, Invitations: Custom, Printed, Music: DJ, Cleanup: Hired Help, ])
74,3,0.4088397790055249,BoulwareNegotiationParty@2,(Offer  bid:Bid[Food: Chips and Nuts, Drinks: Non-Alcoholic, Location: Party Tent, Invitations: Custom, Printed, Music: Band, Cleanup: Hired Help, ])
75,1,0.4143646408839779,RandomParty@0,(Offer  bid:Bid[Food: Finger-Food, Drinks: Handmade Cocktails, Location: Party Tent, Invitations: Custom, Handmade, Music: Band, Cleanup: Water and Soap, ])
75,2,0.4143646408839779,RandomParty2@1,(Offer  bid:Bid[Food: Finger-Food, Drinks: Catering, Location: Party Tent, Invitations: Custom, Printed, Music: DJ, Cleanup: Special Equiment, ])
75,3,0.4143646408839779,BoulwareNegotiationParty@2,(Offer  bid:Bid[Food: Chips and Nuts, Drinks: Non-Alcoholic, Location: Party Tent, Invitations: Custom, Printed, Music: Band, Cleanup: Hired Help, ])
76,1,0.4198895027624309,RandomParty@0,(Offer  bid:Bid[Food: Handmade Food, Drinks: Non-Alcoholic, Location: Party Tent, Invitations: Photo, Music: Band, Cleanup: Specialized Materials, ])
76,2,0.4198895027624309,RandomParty2@1,(Offer  bid:Bid[Food: Finger-Food, Drinks: Beer Only, Location: Your Dorm, Invitations: Photo, Music: MP3, Cleanup: Water and Soap, ])
76,3,0.4198895027624309,BoulwareNegotiationParty@2,(Offer  bid:Bid[Food: Chips and Nuts, Drinks: Non-Alcoholic, Location: Party Tent, Invitations: Custom, Printed, Music: Band, Cleanup: Hired Help, ])
77,1,0.425414364640884,RandomParty@0,(Offer  bid:Bid[Food: Catering, Drinks: Handmade Cocktails, Location: Party Room, Invitations: Plain, Music: DJ, Cleanup: Special Equiment, ])
77,2,0.425414364640884,RandomParty2@1,(Offer  bid:Bid[Food: Finger-Food, Drinks: Catering, Location: Ballroom, Invitations: Custom, Handmade, Music: MP3, Cleanup: Hired Help, ])
77,3,0.425414364640884,BoulwareNegotiationParty@2,(Offer  bid:Bid[Food: Chips and Nuts, Drinks: Non-Alcoholic, Location: Party Tent, Invitations: Custom, Printed, Music: Band, Cleanup: Hired Help, ])
78,1,0.430939226519337,RandomParty@0,(Offer  bid:Bid[Food: Catering, Drinks: Handmade Cocktails, Location: Party Room, Invitations: Custom, Printed, Music: Band, Cleanup: Water and Soap, ])
78,2,0.430939226519337,RandomParty2@1,(Offer  bid:Bid[Food: Chips and Nuts, Drinks: Non-Alcoholic, Location: Your Dorm, Invitations: Custom, Handmade, Music: Band, Cleanup: Specialized Materials, ])
78,3,0.430939226519337,BoulwareNegotiationParty@2,(Offer  bid:Bid[Food: Chips and Nuts, Drinks: Non-Alcoholic, Location: Party Tent, Invitations: Custom, Printed, Music: Band, Cleanup: Hired Help, ])
79,1,0.43646408839779005,RandomParty@0,(Offer  bid:Bid[Food: Finger-Food, Drinks: Handmade Cocktails, Location: Your Dorm, Invitations: Custom, Printed, Music: MP3, Cleanup: Hired Help, ])
79,2,0.43646408839779005,RandomParty2@1,(Offer  bid:Bid[Food: Chips and Nuts, Drinks: Beer Only, Location: Ballroom, Invitations: Custom, Handmade, Music: MP3, Cleanup: Water and Soap, ])
79,3,0.43646408839779005,BoulwareNegotiationParty@2,(Offer  bid:Bid[Food: Chips and Nuts, Drinks: Non-Alcoholic, Location: Party Tent, Invitations: Plain, Music: MP3, Cleanup: Hired Help, ])
80,1,0.4419889502762431,RandomParty@0,(Offer  bid:Bid[Food: Handmade Food, Drinks: Handmade Cocktails, Location: Party Room, Invitations: Plain, Music: DJ, Cleanup: Special Equiment, ])
80,2,0.4419889502762431,RandomParty2@1,(Offer  bid:Bid[Food: Catering, Drinks: Catering, Location: Ballroom, Invitations: Custom, Handmade, Music: MP3, Cleanup: Hired Help, ])
80,3,0.4419889502762431,BoulwareNegotiationParty@2,(Offer  bid:Bid[Food: Chips and Nuts, Drinks: Non-Alcoholic, Location: Party Tent, Invitations: Plain, Music: MP3, Cleanup: Hired Help, ])
81,1,0.44751381215469616,RandomParty@0,(Offer  bid:Bid[Food: Finger-Food, Drinks: Handmade Cocktails, Location: Party Room, Invitations: Plain, Music: Band, Cleanup: Special Equiment, ])
81,2,0.44751381215469616,RandomParty2@1,(Offer  bid:Bid[Food: Handmade Food, Drinks: Catering, Location: Party Tent, Invitations: Plain, Music: DJ, Cleanup: Hired Help, ])
81,3,0.44751381215469616,BoulwareNegotiationParty@2,(Offer  bid:Bid[Food: Chips and Nuts, Drinks: Non-Alcoholic, Location: Party Tent, Invitations: Plain, Music: MP3, Cleanup: Hired Help, ])
82,1,0.4530386740331492,RandomParty@0,(Offer  bid:Bid[Food: Chips and Nuts, Drinks: Beer Only, Location: Party Tent, Invitations: Custom, Printed, Music: DJ, Cleanup: Specialized Materials, ])
82,2,0.4530386740331492,RandomParty2@1,(Offer  bid:Bid[Food: Handmade Food, Drinks: Catering, Location: Your Dorm, Invitations: Photo, Music: Band, Cleanup: Special Equiment, ])
82,3,0.4530386740331492,BoulwareNegotiationParty@2,(Offer  bid:Bid[Food: Chips and Nuts, Drinks: Non-Alcoholic, Location: Ballroom, Invitations: Plain, Music: Band, Cleanup: Hired Help, ])
83,1,0.4585635359116022,RandomParty@0,(Offer  bid:Bid[Food: Finger-Food, Drinks: Beer Only, Location: Your Dorm, Invitations: Plain, Music: Band, Cleanup: Hired Help, ])
83,2,0.4585635359116022,RandomParty2@1,(Offer  bid:Bid[Food: Finger-Food, Drinks: Non-Alcoholic, Location: Party Room, Invitations: Custom, Handmade, Music: DJ, Cleanup: Specialized Materials, ])
83,3,0.4585635359116022,BoulwareNegotiationParty@2,(Offer  bid:Bid[Food: Chips and Nuts, Drinks: Non-Alcoholic, Location: Party Tent, Invitations: Photo, Music: Band, Cleanup: Hired Help, ])
84,1,0.46408839779005523,RandomParty@0,(Offer  bid:Bid[Food: Catering, Drinks: Catering, Location: Party Room, Invitations: Photo, Music: Band, Cleanup: Special Equiment, ])
84,2,0.46408839779005523,RandomParty2@1,(Offer  bid:Bid[Food: Catering, Drinks: Handmade Cocktails, Location: Party Room, Invitations: Custom, Handmade, Music: MP3, Cleanup: Specialized Materials, ])
84,3,0.46408839779005523,BoulwareNegotiationParty@2,(Offer  bid:Bid[Food: Chips and Nuts, Drinks: Non-Alcoholic, Location: Party Tent, Invitations: Photo, Music: Band, Cleanup: Hired Help, ])
85,1,0.4696132596685083,RandomParty@0,(Offer  bid:Bid[Food: Finger-Food, Drinks: Beer Only, Location: Party Tent, Invitations: Custom, Printed, Music: Band, Cleanup: Hired Help, ])
85,2,0.4696132596685083,RandomParty2@1,(Offer  bid:Bid[Food: Finger-Food, Drinks: Beer Only, Location: Ballroom, Invitations: Photo, Music: MP3, Cleanup: Specialized Materials, ])
85,3,0.4696132596685083,BoulwareNegotiationParty@2,(Offer  bid:Bid[Food: Chips and Nuts, Drinks: Non-Alcoholic, Location: Party Tent, Invitations: Photo, Music: Band, Cleanup: Hired Help, ])
86,1,0.47513812154696133,RandomParty@0,(Offer  bid:Bid[Food: Chips and Nuts, Drinks: Catering, Location: Ballroom, Invitations: Custom, Printed, Music: MP3, Cleanup: Hired Help, ])
86,2,0.47513812154696133,RandomParty2@1,(Offer  bid:Bid[Food: Finger-Food, Drinks: Non-Alcoholic, Location: Party Room, Invitations: Plain, Music: Band, Cleanup: Hired Help, ])
86,3,0.47513812154696133,BoulwareNegotiationParty@2,(Offer  bid:Bid[Food: Chips and Nuts, Drinks: Non-Alcoholic, Location: Party Tent, Invitations: Plain, Music: Band, Cleanup: Special Equiment, ])
87,1,0.48066298342541436,RandomParty@0,(Offer  bid:Bid[Food: Handmade Food, Drinks: Non-Alcoholic, Location: Party Room, Invitations: Plain, Music: Band, Cleanup: Hired Help, ])
87,2,0.48066298342541436,RandomParty2@1,(Offer  bid:Bid[Food: Handmade Food, Drinks: Beer Only, Location: Party Tent, Invitations: Custom, Handmade, Music: Band, Cleanup: Special Equiment, ])
87,3,0.48066298342541436,BoulwareNegotiationParty@2,(Offer  bid:Bid[Food: Chips and Nuts, Drinks: Non-Alcoholic, Location: Party Tent, Invitations: Plain, Music: Band, Cleanup: Special Equiment, ])
88,1,0.4861878453038674,RandomParty@0,(Offer  bid:Bid[Food: Finger-Food, Drinks: Non-Alcoholic, Location: Ballroom, Invitations: Custom, Handmade, Music: Band, Cleanup: Hired Help, ])
88,2,0.4861878453038674,RandomParty2@1,(Offer  bid:Bid[Food: Catering, Drinks: Handmade Cocktails, Location: Party Room, Invitations: Plain, Music: MP3, Cleanup: Special Equiment, ])
88,3,0.4861878453038674,BoulwareNegotiationParty@2,(Offer  bid:Bid[Food: Chips and Nuts, Drinks: Non-Alcoholic, Location: Party Tent, Invitations: Plain, Music: Band, Cleanup: Special Equiment, ])
89,1,0.49171270718232046,RandomParty@0,(Offer  bid:Bid[Food: Finger-Food, Drinks: Handmade Cocktails, Location: Party Tent, Invitations: Plain, Music: DJ, Cleanup: Water and Soap, ])
89,2,0.49171270718232046,RandomParty2@1,(Offer  bid:Bid[Food: Finger-Food, Drinks: Catering, Location: Party Tent, Invitations: Plain, Music: Band, Cleanup: Water and Soap, ])
89,3,0.49171270718232046,BoulwareNegotiationParty@2,(Offer  bid:Bid[Food: Chips and Nuts, Drinks: Non-Alcoholic, Location: Party Tent, Invitations: Custom, Handmade, Music: Band, Cleanup: Hired Help, ])
90,1,0.4972375690607735,RandomParty@0,(Offer  bid:Bid[Food: Handmade Food, Drinks: Beer Only, Location: Your Dorm, Invitations: Custom, Handmade, Music: DJ, Cleanup: Special Equiment, ])
90,2,0.4972375690607735,RandomParty2@1,(Offer  bid:Bid[Food: Handmade Food, Drinks: Handmade Cocktails, Location: Ballroom, Invitations: Plain, Music: DJ, Cleanup: Special Equiment, ])
90,3,0.4972375690607735,BoulwareNegotiationParty@2,(Offer  bid:Bid[Food: Chips and Nuts, Drinks: Non-Alcoholic, Location: Party Tent, Invitations: Custom, Printed, Music: MP3, Cleanup: Hired Help, ])
91,1,0.5027624309392266,RandomParty@0,(Offer  bid:Bid[Food: Handmade Food, Drinks: Beer Only, Location: Party Room, Invitations: Custom, Handmade, Music: MP3, Cleanup: Specialized Materials, ])
91,2,0.5027624309392266,RandomParty2@1,(Offer  bid:Bid[Food: Finger-Food, Drinks: Handmade Cocktails, Location: Your Dorm, Invitations: Photo, Music: Band, Cleanup: Water and Soap, ])
91,3,0.5027624309392266,BoulwareNegotiationParty@2,(Offer  bid:Bid[Food: Chips and Nuts, Drinks: Non-Alcoholic, Location: Ballroom, Invitations: Custom, Printed, Music: Band, Cleanup: Hired Help, ])
92,1,0.5082872928176796,RandomParty@0,(Offer  bid:Bid[Food: Chips and Nuts, Drinks: Non-Alcoholic, Location: Party Room, Invitations: Custom, Printed, Music: MP3, Cleanup: Water and Soap, ])
92,2,0.5082872928176796,RandomParty2@1,(Offer  bid:Bid[Food: Handmade Food, Drinks: Non-Alcoholic, Location: Ballroom, Invitations: Custom, Printed, Music: DJ, Cleanup: Water and Soap, ])
92,3,0.5082872928176796,BoulwareNegotiationParty@2,(Offer  bid:Bid[Food: Chips and Nuts, Drinks: Non-Alcoholic, Location: Ballroom, Invitations: Plain, Music: MP3, Cleanup: Hired Help, ])
93,1,0.5138121546961326,RandomParty@0,(Offer  bid:Bid[Food: Handmade Food, Drinks: Beer Only, Location: Party Tent, Invitations: Plain, Music: DJ, Cleanup: Water and Soap, ])
93,2,0.5138121546961326,RandomParty2@1,(Offer  bid:Bid[Food: Handmade Food, Drinks: Handmade Cocktails, Location: Party Room, Invitations: Custom, Handmade, Music: MP3, Cleanup: Water and Soap, ])
93,3,0.5138121546961326,BoulwareNegotiationParty@2,(Offer  bid:Bid[Food: Chips and Nuts, Drinks: Non-Alcoholic, Location: Ballroom, Invitations: Plain, Music: MP3, Cleanup: Hired Help, ])
94,1,0.5193370165745856,RandomParty@0,(Offer  bid:Bid[Food: Catering, Drinks: Handmade Cocktails, Location: Party Room, Invitations: Photo, Music: DJ, Cleanup: Specialized Materials, ])
94,2,0.5193370165745856,RandomParty2@1,(Offer  bid:Bid[Food: Catering, Drinks: Non-Alcoholic, Location: Ballroom, Invitations: Custom, Handmade, Music: Band, Cleanup: Specialized Materials, ])
94,3,0.5193370165745856,BoulwareNegotiationParty@2,(Offer  bid:Bid[Food: Chips and Nuts, Drinks: Non-Alcoholic, Location: Party Tent, Invitations: Custom, Printed, Music: Band, Cleanup: Special Equiment, ])
95,1,0.5248618784530387,RandomParty@0,(Offer  bid:Bid[Food: Catering, Drinks: Non-Alcoholic, Location: Party Room, Invitations: Photo, Music: Band, Cleanup: Water and Soap, ])
95,2,0.5248618784530387,RandomParty2@1,(Offer  bid:Bid[Food: Catering, Drinks: Catering, Location: Party Tent, Invitations: Custom, Handmade, Music: Band, Cleanup: Specialized Materials, ])
95,3,0.5248618784530387,BoulwareNegotiationParty@2,(Offer  bid:Bid[Food: Chips and Nuts, Drinks: Non-Alcoholic, Location: Ballroom, Invitations: Photo, Music: Band, Cleanup: Hired Help, ])
96,1,0.5303867403314917,RandomParty@0,(Offer  bid:Bid[Food: Handmade Food, Drinks: Handmade Cocktails, Location: Party Room, Invitations: Photo, Music: Band, Cleanup: Water and Soap, ])
96,2,0.5303867403314917,RandomParty2@1,(Offer  bid:Bid[Food: Finger-Food, Drinks: Non-Alcoholic, Location: Your Dorm, Invitations: Custom, Printed, Music: DJ, Cleanup: Hired Help, ])
96,3,0.5303867403314917,BoulwareNegotiationParty@2,(Offer  bid:Bid[Food: Chips and Nuts, Drinks: Non-Alcoholic, Location: Party Tent, Invitations: Plain, Music: MP3, Cleanup: Special Equiment, ])
97,1,0.5359116022099447,RandomParty@0,(Offer  bid:Bid[Food: Finger-Food, Drinks: Handmade Cocktails, Location: Your Dorm, Invitations: Custom, Handmade, Music: Band, Cleanup: Water and Soap, ])
97,2,0.5359116022099447,RandomParty2@1,(Offer  bid:Bid[Food: Catering, Drinks: Non-Alcoholic, Location: Your Dorm, Invitations: Photo, Music: Band, Cleanup: Hired Help, ])
97,3,0.5359116022099447,BoulwareNegotiationParty@2,(Offer  bid:Bid[Food: Chips and Nuts, Drinks: Non-Alcoholic, Location: Party Tent, Invitations: Plain, Music: DJ, Cleanup: Hired Help, ])
98,1,0.5414364640883977,RandomParty@0,(Offer  bid:Bid[Food: Chips and Nuts, Drinks: Catering, Location: Party Room, Invitations: Plain, Music: Band, Cleanup: Specialized Materials, ])
98,2,0.5414364640883977,RandomParty2@1,(Offer  bid:Bid[Food: Chips and Nuts, Drinks: Handmade Cocktails, Location: Your Dorm, Invitations: Plain, Music: Band, Cleanup: Water and Soap, ])
98,3,0.5414364640883977,BoulwareNegotiationParty@2,(Offer  bid:Bid[Food: Chips and Nuts, Drinks: Non-Alcoholic, Location: Party Tent, Invitations: Custom, Handmade, Music: MP3, Cleanup: Hired Help, ])
99,1,0.5469613259668509,RandomParty@0,(Offer  bid:Bid[Food: Catering, Drinks: Beer Only, Location: Party Tent, Invitations: Custom, Printed, Music: DJ, Cleanup: Special Equiment, ])
99,2,0.5469613259668509,RandomParty2@1,(Offer  bid:Bid[Food: Finger-Food, Drinks: Handmade Cocktails, Location: Party Room, Invitations: Custom, Printed, Music: DJ, Cleanup: Hired Help, ])
99,3,0.5469613259668509,BoulwareNegotiationParty@2,(Offer  bid:Bid[Food: Chips and Nuts, Drinks: Non-Alcoholic, Location: Ballroom, Invitations: Custom, Printed, Music: MP3, Cleanup: Hired Help, ])
100,1,0.5524861878453039,RandomParty@0,(Offer  bid:Bid[Food: Chips and Nuts, Drinks: Beer Only, Location: Party Tent, Invitations: Plain, Music: DJ, Cleanup: Specialized Materials, ])
100,2,0.5524861878453039,RandomParty2@1,(Offer  bid:Bid[Food: Catering, Drinks: Catering, Location: Party Room, Invitations: Photo, Music: MP3, Cleanup: Special Equiment, ])
100,3,0.5524861878453039,BoulwareNegotiationParty@2,(Offer  bid:Bid[Food: Chips and Nuts, Drinks: Non-Alcoholic, Location: Party Tent, Invitations: Plain, Music: Band, Cleanup: Specialized Materials, ])
101,1,0.5580110497237569,RandomParty@0,(Offer  bid:Bid[Food: Chips and Nuts, Drinks: Handmade Cocktails, Location: Ballroom, Invitations: Photo, Music: Band, Cleanup: Water and Soap, ])
101,2,0.5580110497237569,RandomParty2@1,(Offer  bid:Bid[Food: Handmade Food, Drinks: Non-Alcoholic, Location: Your Dorm, Invitations: Custom, Printed, Music: Band, Cleanup: Specialized Materials, ])
101,3,0.5580110497237569,BoulwareNegotiationParty@2,(Offer  bid:Bid[Food: Chips and Nuts, Drinks: Non-Alcoholic, Location: Party Tent, Invitations: Custom, Handmade, Music: Band, Cleanup: Special Equiment, ])
102,1,0.56353591160221,RandomParty@0,(Offer  bid:Bid[Food: Handmade Food, Drinks: Non-Alcoholic, Location: Ballroom, Invitations: Plain, Music: Band, Cleanup: Hired Help, ])
102,2,0.56353591160221,RandomParty2@1,(Offer  bid:Bid[Food: Chips and Nuts, Drinks: Catering, Location: Ballroom, Invitations: Custom, Handmade, Music: MP3, Cleanup: Water and Soap, ])
102,3,0.56353591160221,BoulwareNegotiationParty@2,(Offer  bid:Bid[Food: Chips and Nuts, Drinks: Non-Alcoholic, Location: Ballroom, Invitations: Photo, Music: MP3, Cleanup: Hired Help, ])
103,1,0.569060773480663,RandomParty@0,(Offer  bid:Bid[Food: Finger-Food, Drinks: Non-Alcoholic, Location: Ballroom, Invitations: Custom, Printed, Music: DJ, Cleanup: Specialized Materials, ])
103,2,0.569060773480663,RandomParty2@1,(Offer  bid:Bid[Food: Catering, Drinks: Non-Alcoholic, Location: Ballroom, Invitations: Photo, Music: Band, Cleanup: Special Equiment, ])
103,3,0.569060773480663,BoulwareNegotiationParty@2,(Offer  bid:Bid[Food: Chips and Nuts, Drinks: Non-Alcoholic, Location: Your Dorm, Invitations: Custom, Printed, Music: Band, Cleanup: Hired Help, ])
104,1,0.574585635359116,RandomParty@0,(Offer  bid:Bid[Food: Chips and Nuts, Drinks: Beer Only, Location: Party Room, Invitations: Photo, Music: MP3, Cleanup: Water and Soap, ])
104,2,0.574585635359116,RandomParty2@1,(Offer  bid:Bid[Food: Catering, Drinks: Beer Only, Location: Ballroom, Invitations: Custom, Printed, Music: Band, Cleanup: Special Equiment, ])
104,3,0.574585635359116,BoulwareNegotiationParty@2,(Offer  bid:Bid[Food: Chips and Nuts, Drinks: Non-Alcoholic, Location: Ballroom, Invitations: Plain, Music: DJ, Cleanup: Hired Help, ])
105,1,0.580110497237569,RandomParty@0,(Offer  bid:Bid[Food: Finger-Food, Drinks: Non-Alcoholic, Location: Ballroom, Invitations: Plain, Music: Band, Cleanup: Water and Soap, ])
105,2,0.580110497237569,RandomParty2@1,(Offer  bid:Bid[Food: Finger-Food, Drinks: Beer Only, Location: Party Room, Invitations: Plain, Music: MP3, Cleanup: Water and Soap, ])
105,3,0.580110497237569,BoulwareNegotiationParty@2,(Offer  bid:Bid[Food: Chips and Nuts, Drinks: Non-Alcoholic, Location: Ballroom, Invitations: Custom, Handmade, Music: MP3, Cleanup: Hired Help, ])
106,1,0.585635359116022,RandomParty@0,(Offer  bid:Bid[Food: Chips and Nuts, Drinks: Catering, Location: Party Tent, Invitations: Plain, Music: MP3, Cleanup: Hired Help, ])
106,2,0.585635359116022,RandomParty2@1,(Offer  bid:Bid[Food: Catering, Drinks: Handmade Cocktails, Location: Your Dorm, Invitations: Custom, Printed, Music: MP3, Cleanup: Hired Help, ])
106,3,0.585635359116022,BoulwareNegotiationParty@2,(Offer  bid:Bid[Food: Chips and Nuts, Drinks: Non-Alcoholic, Location: Party Tent, Invitations: Plain, Music: MP3, Cleanup: Specialized Materials, ])
107,1,0.5911602209944752,RandomParty@0,(Offer  bid:Bid[Food: Chips and Nuts, Drinks: Handmade Cocktails, Location: Party Tent, Invitations: Custom, Printed, Music: DJ, Cleanup: Specialized Materials, ])
107,2,0.5911602209944752,RandomParty2@1,(Offer  bid:Bid[Food: Chips and Nuts, Drinks: Non-Alcoholic, Location: Party Room, Invitations: Photo, Music: MP3, Cleanup: Specialized Materials, ])
107,3,0.5911602209944752,BoulwareNegotiationParty@2,(Offer  bid:Bid[Food: Chips and Nuts, Drinks: Non-Alcoholic, Location: Your Dorm, Invitations: Plain, Music: Band, Cleanup: Special Equiment, ])
108,1,0.5966850828729282,RandomParty@0,(Offer  bid:Bid[Food: Catering, Drinks: Catering, Location: Your Dorm, Invitations: Custom, Printed, Music: MP3, Cleanup: Special Equiment, ])
108,2,0.5966850828729282,RandomParty2@1,(Offer  bid:Bid[Food: Chips and Nuts, Drinks: Beer Only, Location: Ballroom, Invitations: Custom, Printed, Music: Band, Cleanup: Water and Soap, ])
108,3,0.5966850828729282,BoulwareNegotiationParty@2,(Offer  bid:Bid[Food: Chips and Nuts, Drinks: Handmade Cocktails, Location: Party Tent, Invitations: Plain, Music: Band, Cleanup: Special Equiment, ])
109,1,0.6022099447513812,RandomParty@0,(Offer  bid:Bid[Food: Chips and Nuts, Drinks: Catering, Location: Party Room, Invitations: Plain, Music: DJ, Cleanup: Specialized Materials, ])
109,2,0.6022099447513812,RandomParty2@1,(Offer  bid:Bid[Food: Finger-Food, Drinks: Non-Alcoholic, Location: Party Room, Invitations: Photo, Music: Band, Cleanup: Specialized Materials, ])
109,3,0.6022099447513812,BoulwareNegotiationParty@2,(Offer  bid:Bid[Food: Chips and Nuts, Drinks: Non-Alcoholic, Location: Party Tent, Invitations: Custom, Handmade, Music: Band, Cleanup: Specialized Materials, ])
110,1,0.6077348066298343,RandomParty@0,(Offer  bid:Bid[Food: Catering, Drinks: Handmade Cocktails, Location: Party Room, Invitations: Custom, Handmade, Music: DJ, Cleanup: Water and Soap, ])
110,2,0.6077348066298343,RandomParty2@1,(Offer  bid:Bid[Food: Finger-Food, Drinks: Catering, Location: Party Tent, Invitations: Custom, Handmade, Music: Band, Cleanup: Specialized Materials, ])
110,3,0.6077348066298343,BoulwareNegotiationParty@2,(Offer  bid:Bid[Food: Chips and Nuts, Drinks: Non-Alcoholic, Location: Ballroom, Invitations: Photo, Music: DJ, Cleanup: Hired Help, ])
111,1,0.6132596685082873,RandomParty@0,(Offer  bid:Bid[Food: Chips and Nuts, Drinks: Catering, Location: Your Dorm, Invitations: Photo, Music: Band, Cleanup: Special Equiment, ])
111,2,0.6132596685082873,RandomParty2@1,(Offer  bid:Bid[Food: Handmade Food, Drinks: Handmade Cocktails, Location: Ballroom, Invitations: Photo, Music: DJ, Cleanup: Hired Help, ])
111,3,0.6132596685082873,BoulwareNegotiationParty@2,(Offer  bid:Bid[Food: Finger-Food, Drinks: Non-Alcoholic, Location: Party Tent, Invitations: Plain, Music: MP3, Cleanup: Hired Help, ])
112,1,0.6187845303867403,RandomParty@0,(Offer  bid:Bid[Food: Finger-Food, Drinks: Handmade Cocktails, Location: Party Tent, Invitations: Photo, Music: DJ, Cleanup: Specialized Materials, ])
112,2,0.6187845303867403,RandomParty2@1,(Offer  bid:Bid[Food: Chips and Nuts, Drinks: Beer Only, Location: Party Tent, Invitations: Custom, Handmade, Music: Band, Cleanup: Hired Help, ])
112,3,0.6187845303867403,BoulwareNegotiationParty@2,(Offer  bid:Bid[Food: Chips and Nuts, Drinks: Non-Alcoholic, Location: Your Dorm, Invitations: Plain, Music: DJ, Cleanup: Hired Help, ])
113,1,0.6243093922651933,RandomParty@0,(Offer  bid:Bid[Food: Catering, Drinks: Beer Only, Location: Your Dorm, Invitations: Custom, Printed, Music: DJ, Cleanup: Specialized Materials, ])
113,2,0.6243093922651933,RandomParty2@1,(Offer  bid:Bid[Food: Handmade Food, Drinks: Catering, Location: Your Dorm, Invitations: Photo, Music: MP3, Cleanup: Specialized Materials, ])
113,3,0.6243093922651933,BoulwareNegotiationParty@2,(Offer  bid:Bid[Food: Chips and Nuts, Drinks: Non-Alcoholic, Location: Ballroom, Invitations: Plain, Music: Band, Cleanup: Water and Soap, ])
114,1,0.6298342541436464,RandomParty@0,(Offer  bid:Bid[Food: Finger-Food, Drinks: Beer Only, Location: Ballroom, Invitations: Plain, Music: Band, Cleanup: Water and Soap, ])
114,2,0.6298342541436464,RandomParty2@1,(Offer  bid:Bid[Food: Catering, Drinks: Handmade Cocktails, Location: Your Dorm, Invitations: Custom, Printed, Music: Band, Cleanup: Specialized Materials, ])
114,3,0.6298342541436464,BoulwareNegotiationParty@2,(Offer  bid:Bid[Food: Chips and Nuts, Drinks: Non-Alcoholic, Location: Ballroom, Invitations: Custom, Printed, Music: MP3, Cleanup: Specialized Materials, ])
115,1,0.6353591160220995,RandomParty@0,(Offer  bid:Bid[Food: Catering, Drinks: Non-Alcoholic, Location: Your Dorm, Invitations: Custom, Handmade, Music: Band, Cleanup: Water and Soap, ])
115,2,0.6353591160220995,RandomParty2@1,(Offer  bid:Bid[Food: Catering, Drinks: Beer Only, Location: Party Room, Invitations: Photo, Music: MP3, Cleanup: Specialized Materials, ])
115,3,0.6353591160220995,BoulwareNegotiationParty@2,(Offer  bid:Bid[Food: Chips and Nuts, Drinks: Handmade Cocktails, Location: Party Tent, Invitations: Custom, Handmade, Music: Band, Cleanup: Special Equiment, ])
116,1,0.6408839779005525,RandomParty@0,(Offer  bid:Bid[Food: Handmade Food, Drinks: Catering, Location: Party Room, Invitations: Custom, Handmade, Music: DJ, Cleanup: Special Equiment, ])
116,2,0.6408839779005525,RandomParty2@1,(Offer  bid:Bid[Food: Catering, Drinks: Non-Alcoholic, Location: Party Room, Invitations: Photo, Music: MP3, Cleanup: Specialized Materials, ])
116,3,0.6408839779005525,BoulwareNegotiationParty@2,(Offer  bid:Bid[Food: Chips and Nuts, Drinks: Non-Alcoholic, Location: Ballroom, Invitations: Photo, Music: DJ, Cleanup: Special Equiment, ])
117,1,0.6464088397790055,RandomParty@0,(Offer  bid:Bid[Food: Handmade Food, Drinks: Non-Alcoholic, Location: Party Room, Invitations: Custom, Printed, Music: Band, Cleanup: Hired Help, ])
117,2,0.6464088397790055,RandomParty2@1,(Offer  bid:Bid[Food: Handmade Food, Drinks: Handmade Cocktails, Location: Ballroom, Invitations: Photo, Music: Band, Cleanup: Specialized Materials, ])
117,3,0.6464088397790055,BoulwareNegotiationParty@2,(Offer  bid:Bid[Food: Finger-Food, Drinks: Non-Alcoholic, Location: Ballroom, Invitations: Plain, Music: Band, Cleanup: Special Equiment, ])
118,1,0.6519337016574586,RandomParty@0,(Offer  bid:Bid[Food: Finger-Food, Drinks: Beer Only, Location: Ballroom, Invitations: Photo, Music: MP3, Cleanup: Specialized Materials, ])
118,2,0.6519337016574586,RandomParty2@1,(Offer  bid:Bid[Food: Catering, Drinks: Non-Alcoholic, Location: Party Room, Invitations: Plain, Music: MP3, Cleanup: Special Equiment, ])
118,3,0.6519337016574586,BoulwareNegotiationParty@2,(Offer  bid:Bid[Food: Chips and Nuts, Drinks: Handmade Cocktails, Location: Party Tent, Invitations: Plain, Music: MP3, Cleanup: Specialized Materials, ])
119,1,0.6574585635359116,RandomParty@0,(Offer  bid:Bid[Food: Catering, Drinks: Beer Only, Location: Party Room, Invitations: Plain, Music: Band, Cleanup: Water and Soap, ])
119,2,0.6574585635359116,RandomParty2@1,(Offer  bid:Bid[Food: Handmade Food, Drinks: Beer Only, Location: Your Dorm, Invitations: Plain, Music: MP3, Cleanup: Special Equiment, ])
119,3,0.6574585635359116,BoulwareNegotiationParty@2,(Offer  bid:Bid[Food: Chips and Nuts, Drinks: Non-Alcoholic, Location: Ballroom, Invitations: Custom, Handmade, Music: Band, Cleanup: Water and Soap, ])
120,1,0.6629834254143646,RandomParty@0,(Offer  bid:Bid[Food: Catering, Drinks: Beer Only, Location: Ballroom, Invitations: Photo, Music: MP3, Cleanup: Special Equiment, ])
120,2,0.6629834254143646,RandomParty2@1,(Offer  bid:Bid[Food: Catering, Drinks: Non-Alcoholic, Location: Ballroom, Invitations: Plain, Music: DJ, Cleanup: Specialized Materials, ])
120,3,0.6629834254143646,BoulwareNegotiationParty@2,(Offer  bid:Bid[Food: Chips and Nuts, Drinks: Handmade Cocktails, Location: Party Tent, Invitations: Custom, Handmade, Music: Band, Cleanup: Specialized Materials, ])
121,1,0.6685082872928176,RandomParty@0,(Offer  bid:Bid[Food: Handmade Food, Drinks: Catering, Location: Party Tent, Invitations: Custom, Printed, Music: MP3, Cleanup: Water and Soap, ])
121,2,0.6685082872928176,RandomParty2@1,(Offer  bid:Bid[Food: Handmade Food, Drinks: Beer Only, Location: Ballroom, Invitations: Custom, Handmade, Music: Band, Cleanup: Water and Soap, ])
121,3,0.6685082872928176,BoulwareNegotiationParty@2,(Offer  bid:Bid[Food: Chips and Nuts, Drinks: Handmade Cocktails, Location: Your Dorm, Invitations: Photo, Music: MP3, Cleanup: Hired Help, ])
122,1,0.6740331491712708,RandomParty@0,(Offer  bid:Bid[Food: Handmade Food, Drinks: Beer Only, Location: Party Room, Invitations: Plain, Music: Band, Cleanup: Water and Soap, ])
122,2,0.6740331491712708,RandomParty2@1,(Offer  bid:Bid[Food: Handmade Food, Drinks: Handmade Cocktails, Location: Ballroom, Invitations: Custom, Printed, Music: Band, Cleanup: Water and Soap, ])
122,3,0.6740331491712708,BoulwareNegotiationParty@2,(Offer  bid:Bid[Food: Chips and Nuts, Drinks: Handmade Cocktails, Location: Ballroom, Invitations: Custom, Handmade, Music: MP3, Cleanup: Special Equiment, ])
123,1,0.6795580110497238,RandomParty@0,(Offer  bid:Bid[Food: Finger-Food, Drinks: Catering, Location: Party Tent, Invitations: Custom, Printed, Music: Band, Cleanup: Special Equiment, ])
123,2,0.6795580110497238,RandomParty2@1,(Offer  bid:Bid[Food: Chips and Nuts, Drinks: Non-Alcoholic, Location: Party Room, Invitations: Plain, Music: MP3, Cleanup: Hired Help, ])
123,3,0.6795580110497238,BoulwareNegotiationParty@2,(Offer  bid:Bid[Food: Finger-Food, Drinks: Non-Alcoholic, Location: Your Dorm, Invitations: Custom, Printed, Music: MP3, Cleanup: Hired Help, ])
124,1,0.6850828729281768,RandomParty@0,(Offer  bid:Bid[Food: Chips and Nuts, Drinks: Beer Only, Location: Your Dorm, Invitations: Custom, Printed, Music: MP3, Cleanup: Special Equiment, ])
124,2,0.6850828729281768,RandomParty2@1,(Offer  bid:Bid[Food: Catering, Drinks: Non-Alcoholic, Location: Ballroom, Invitations: Plain, Music: Band, Cleanup: Specialized Materials, ])
124,3,0.6850828729281768,BoulwareNegotiationParty@2,(Offer  bid:Bid[Food: Chips and Nuts, Drinks: Handmade Cocktails, Location: Your Dorm, Invitations: Custom, Printed, Music: MP3, Cleanup: Special Equiment, ])
125,1,0.6906077348066298,RandomParty@0,(Offer  bid:Bid[Food: Finger-Food, Drinks: Non-Alcoholic, Location: Ballroom, Invitations: Plain, Music: DJ, Cleanup: Water and Soap, ])
125,2,0.6906077348066298,RandomParty2@1,(Offer  bid:Bid[Food: Finger-Food, Drinks: Catering, Location: Your Dorm, Invitations: Photo, Music: DJ, Cleanup: Hired Help, ])
125,3,0.6906077348066298,BoulwareNegotiationParty@2,(Offer  bid:Bid[Food: Chips and Nuts, Drinks: Handmade Cocktails, Location: Ballroom, Invitations: Photo, Music: DJ, Cleanup: Special Equiment, ])
126,1,0.6961325966850829,RandomParty@0,(Offer  bid:Bid[Food: Chips and Nuts, Drinks: Handmade Cocktails, Location: Party Room, Invitations: Custom, Printed, Music: Band, Cleanup: Special Equiment, ])
126,2,0.6961325966850829,RandomParty2@1,(Offer  bid:Bid[Food: Handmade Food, Drinks: Catering, Location: Party Tent, Invitations: Photo, Music: Band, Cleanup: Hired Help, ])
126,3,0.6961325966850829,BoulwareNegotiationParty@2,(Offer  bid:Bid[Food: Finger-Food, Drinks: Handmade Cocktails, Location: Party Tent, Invitations: Photo, Music: Band, Cleanup: Special Equiment, ])
127,1,0.7016574585635359,RandomParty@0,(Offer  bid:Bid[Food: Finger-Food, Drinks: Beer Only, Location: Your Dorm, Invitations: Photo, Music: Band, Cleanup: Hired Help, ])
127,2,0.7016574585635359,RandomParty2@1,(Offer  bid:Bid[Food: Catering, Drinks: Handmade Cocktails, Location: Ballroom, Invitations: Custom, Handmade, Music: MP3, Cleanup: Specialized Materials, ])
127,3,0.7016574585635359,BoulwareNegotiationParty@2,(Offer  bid:Bid[Food: Chips and Nuts, Drinks: Beer Only, Location: Party Tent, Invitations: Custom, Printed, Music: Band, Cleanup: Hired Help, ])
128,1,0.7071823204419889,RandomParty@0,(Offer  bid:Bid[Food: Chips and Nuts, Drinks: Beer Only, Location: Party Room, Invitations: Custom, Handmade, Music: Band, Cleanup: Water and Soap, ])
128,2,0.7071823204419889,RandomParty2@1,(Offer  bid:Bid[Food: Chips and Nuts, Drinks: Non-Alcoholic, Location: Party Tent, Invitations: Plain, Music: MP3, Cleanup: Water and Soap, ])
128,3,0.7071823204419889,BoulwareNegotiationParty@2,(Accept  bid:Bid[Food: Chips and Nuts, Drinks: Non-Alcoholic, Location: Party Tent, Invitations: Plain, Music: MP3, Cleanup: Water and Soap, ])
129,1,0.712707182320442,RandomParty@0,(Offer  bid:Bid[Food: Finger-Food, Drinks: Handmade Cocktails, Location: Party Room, Invitations: Custom, Handmade, Music: MP3, Cleanup: Hired Help, ])
129,2,0.712707182320442,RandomParty2@1,(Offer  bid:Bid[Food: Catering, Drinks: Catering, Location: Party Tent, Invitations: Custom, Handmade, Music: Band, Cleanup: Special Equiment, ])
129,3,0.712707182320442,BoulwareNegotiationParty@2,(Offer  bid:Bid[Food: Finger-Food, Drinks: Non-Alcoholic, Location: Your Dorm, Invitations: Plain, Music: DJ, Cleanup: Special Equiment, ])
130,1,0.7182320441988951,RandomParty@0,(Offer  bid:Bid[Food: Finger-Food, Drinks: Non-Alcoholic, Location: Your Dorm, Invitations: Plain, Music: DJ, Cleanup: Specialized Materials, ])
130,2,0.7182320441988951,RandomParty2@1,(Offer  bid:Bid[Food: Handmade Food, Drinks: Handmade Cocktails, Location: Party Tent, Invitations: Custom, Printed, Music: MP3, Cleanup: Hired Help, ])
130,3,0.7182320441988951,BoulwareNegotiationParty@2,(Accept  bid:Bid[Food: Handmade Food, Drinks: Handmade Cocktails, Location: Party Tent, Invitations: Custom, Printed, Music: MP3, Cleanup: Hired Help, ])
131,1,0.7237569060773481,RandomParty@0,(Offer  bid:Bid[Food: Handmade Food, Drinks: Non-Alcoholic, Location: Party Tent, Invitations: Plain, Music: MP3, Cleanup: Water and Soap, ])
131,2,0.7237569060773481,RandomParty2@1,(Offer  bid:Bid[Food: Catering, Drinks: Handmade Cocktails, Location: Your Dorm, Invitations: Photo, Music: Band, Cleanup: Special Equiment, ])
131,3,0.7237569060773481,BoulwareNegotiationParty@2,(Offer  bid:Bid[Food: Catering, Drinks: Handmade Cocktails, Location: Party Tent, Invitations: Custom, Printed, Music: Band, Cleanup: Hired Help, ])
132,1,0.7292817679558011,RandomParty@0,(Offer  bid:Bid[Food: Catering, Drinks: Beer Only, Location: Your Dorm, Invitations: Photo, Music: MP3, Cleanup: Special Equiment, ])
132,2,0.7292817679558011,RandomParty2@1,(Offer  bid:Bid[Food: Finger-Food, Drinks: Non-Alcoholic, Location: Party Tent, Invitations: Custom, Handmade, Music: Band, Cleanup: Water and Soap, ])
132,3,0.7292817679558011,BoulwareNegotiationParty@2,(Accept  bid:Bid[Food: Finger-Food, Drinks: Non-Alcoholic, Location: Party Tent, Invitations: Custom, Handmade, Music: Band, Cleanup: Water and Soap, ])
133,1,0.7348066298342542,RandomParty@0,(Offer  bid:Bid[Food: Catering, Drinks: Beer Only, Location: Your Dorm, Invitations: Custom, Handmade, Music: DJ, Cleanup: Specialized Materials, ])
133,2,0.7348066298342542,RandomParty2@1,(Offer  bid:Bid[Food: Handmade Food, Drinks: Non-Alcoholic, Location: Party Room, Invitations: Custom, Printed, Music: MP3, Cleanup: Water and Soap, ])
133,3,0.7348066298342542,BoulwareNegotiationParty@2,(Offer  bid:Bid[Food: Chips and Nuts, Drinks: Catering, Location: Your Dorm, Invitations: Photo, Music: Band, Cleanup: Hired Help, ])
134,1,0.7403314917127072,RandomParty@0,(Offer  bid:Bid[Food: Catering, Drinks: Catering, Location: Party Tent, Invitations: Plain, Music: Band, Cleanup: Specialized Materials, ])
134,2,0.7403314917127072,RandomParty2@1,(Offer  bid:Bid[Food: Catering, Drinks: Beer Only, Location: Ballroom, Invitations: Custom, Handmade, Music: MP3, Cleanup: Hired Help, ])
134,3,0.7403314917127072,BoulwareNegotiationParty@2,(Offer  bid:Bid[Food: Catering, Drinks: Handmade Cocktails, Location: Ballroom, Invitations: Plain, Music: MP3, Cleanup: Hired Help, ])
135,1,0.7458563535911602,RandomParty@0,(Offer  bid:Bid[Food: Finger-Food, Drinks: Handmade Cocktails, Location: Party Tent, Invitations: Plain, Music: MP3, Cleanup: Hired Help, ])
135,2,0.7458563535911602,RandomParty2@1,(Offer  bid:Bid[Food: Catering, Drinks: Non-Alcoholic, Location: Ballroom, Invitations: Plain, Music: MP3, Cleanup: Specialized Materials, ])
135,3,0.7458563535911602,BoulwareNegotiationParty@2,(Accept  bid:Bid[Food: Catering, Drinks: Non-Alcoholic, Location: Ballroom, Invitations: Plain, Music: MP3, Cleanup: Specialized Materials, ])
136,1,0.7513812154696132,RandomParty@0,(Offer  bid:Bid[Food: Finger-Food, Drinks: Handmade Cocktails, Location: Your Dorm, Invitations: Custom, Printed, Music: MP3, Cleanup: Specialized Materials, ])
136,2,0.7513812154696132,RandomParty2@1,(Offer  bid:Bid[Food: Chips and Nuts, Drinks: Handmade Cocktails, Location: Your Dorm, Invitations: Plain, Music: DJ, Cleanup: Specialized Materials, ])
136,3,0.7513812154696132,BoulwareNegotiationParty@2,(Accept  bid:Bid[Food: Chips and Nuts, Drinks: Handmade Cocktails, Location: Your Dorm, Invitations: Plain, Music: DJ, Cleanup: Specialized Materials, ])
137,1,0.7569060773480663,RandomParty@0,(Offer  bid:Bid[Food: Catering, Drinks: Catering, Location: Party Room, Invitations: Custom, Handmade, Music: Band, Cleanup: Specialized Materials, ])
137,2,0.7569060773480663,RandomParty2@1,(Offer  bid:Bid[Food: Catering, Drinks: Non-Alcoholic, Location: Party Room, Invitations: Photo, Music: Band, Cleanup: Water and Soap, ])
137,3,0.7569060773480663,BoulwareNegotiationParty@2,(Offer  bid:Bid[Food: Catering, Drinks: Non-Alcoholic, Location: Ballroom, Invitations: Plain, Music: MP3, Cleanup: Water and Soap, ])
138,1,0.7624309392265194,RandomParty@0,(Offer  bid:Bid[Food: Catering, Drinks: Non-Alcoholic, Location: Ballroom, Invitations: Plain, Music: DJ, Cleanup: Specialized Materials, ])
138,2,0.7624309392265194,RandomParty2@1,(Offer  bid:Bid[Food: Catering, Drinks: Non-Alcoholic, Location: Your Dorm, Invitations: Photo, Music: Band, Cleanup: Specialized Materials, ])
138,3,0.7624309392265194,BoulwareNegotiationParty@2,(Accept  bid:Bid[Food: Catering, Drinks: Non-Alcoholic, Location: Your Dorm, Invitations: Photo, Music: Band, Cleanup: Specialized Materials, ])
139,1,0.7679558011049724,RandomParty@0,(Offer  bid:Bid[Food: Chips and Nuts, Drinks: Beer Only, Location: Your Dorm, Invitations: Custom, Printed, Music: DJ, Cleanup: Hired Help, ])
139,2,0.7679558011049724,RandomParty2@1,(Offer  bid:Bid[Food: Handmade Food, Drinks: Catering, Location: Your Dorm, Invitations: Photo, Music: MP3, Cleanup: Water and Soap, ])
139,3,0.7679558011049724,BoulwareNegotiationParty@2,(Offer  bid:Bid[Food: Handmade Food, Drinks: Non-Alcoholic, Location: Ballroom, Invitations: Photo, Music: DJ, Cleanup: Water and Soap, ])
140,1,0.7734806629834254,RandomParty@0,(Offer  bid:Bid[Food: Chips and Nuts, Drinks: Beer Only, Location: Party Room, Invitations: Custom, Printed, Music: MP3, Cleanup: Water and Soap, ])
140,2,0.7734806629834254,RandomParty2@1,(Offer  bid:Bid[Food: Finger-Food, Drinks: Beer Only, Location: Party Tent, Invitations: Photo, Music: DJ, Cleanup: Special Equiment, ])
140,3,0.7734806629834254,BoulwareNegotiationParty@2,(Offer  bid:Bid[Food: Finger-Food, Drinks: Handmade Cocktails, Location: Your Dorm, Invitations: Photo, Music: MP3, Cleanup: Water and Soap, ])
141,1,0.7790055248618785,RandomParty@0,(Offer  bid:Bid[Food: Catering, Drinks: Non-Alcoholic, Location: Party Tent, Invitations: Custom, Printed, Music: DJ, Cleanup: Hired Help, ])
141,2,0.7790055248618785,RandomParty2@1,(Offer  bid:Bid[Food: Catering, Drinks: Non-Alcoholic, Location: Ballroom, Invitations: Photo, Music: DJ, Cleanup: Water and Soap, ])
141,3,0.7790055248618785,BoulwareNegotiationParty@2,(Offer  bid:Bid[Food: Chips and Nuts, Drinks: Catering, Location: Ballroom, Invitations: Custom, Handmade, Music: MP3, Cleanup: Water and Soap, ])
142,1,0.7845303867403315,RandomParty@0,(Offer  bid:Bid[Food: Catering, Drinks: Beer Only, Location: Party Room, Invitations: Custom, Printed, Music: DJ, Cleanup: Special Equiment, ])
142,2,0.7845303867403315,RandomParty2@1,(Offer  bid:Bid[Food: Finger-Food, Drinks: Catering, Location: Party Tent, Invitations: Photo, Music: Band, Cleanup: Hired Help, ])
142,3,0.7845303867403315,BoulwareNegotiationParty@2,(Accept  bid:Bid[Food: Finger-Food, Drinks: Catering, Location: Party Tent, Invitations: Photo, Music: Band, Cleanup: Hired Help, ])
143,1,0.7900552486187845,RandomParty@0,(Offer  bid:Bid[Food: Finger-Food, Drinks: Non-Alcoholic, Location: Party Tent, Invitations: Custom, Handmade, Music: Band, Cleanup: Special Equiment, ])
143,2,0.7900552486187845,RandomParty2@1,(Offer  bid:Bid[Food: Chips and Nuts, Drinks: Beer Only, Location: Ballroom, Invitations: Plain, Music: DJ, Cleanup: Hired Help, ])
143,3,0.7900552486187845,BoulwareNegotiationParty@2,(Accept  bid:Bid[Food: Chips and Nuts, Drinks: Beer Only, Location: Ballroom, Invitations: Plain, Music: DJ, Cleanup: Hired Help, ])
144,1,0.7955801104972375,RandomParty@0,(Offer  bid:Bid[Food: Catering, Drinks: Handmade Cocktails, Location: Your Dorm, Invitations: Photo, Music: Band, Cleanup: Hired Help, ])
144,2,0.7955801104972375,RandomParty2@1,(Offer  bid:Bid[Food: Handmade Food, Drinks: Beer Only, Location: Party Tent, Invitations: Plain, Music: MP3, Cleanup: Specialized Materials, ])
144,3,0.7955801104972375,BoulwareNegotiationParty@2,(Offer  bid:Bid[Food: Handmade Food, Drinks: Catering, Location: Ballroom, Invitations: Plain, Music: DJ, Cleanup: Hired Help, ])
145,1,0.8011049723756906,RandomParty@0,(Offer  bid:Bid[Food: Finger-Food, Drinks: Handmade Cocktails, Location: Party Tent, Invitations: Custom, Printed, Music: DJ, Cleanup: Water and Soap, ])
145,2,0.8011049723756906,RandomParty2@1,(Offer  bid:Bid[Food: Finger-Food, Drinks: Beer Only, Location: Party Room, Invitations: Custom, Printed, Music: MP3, Cleanup: Special Equiment, ])
145,3,0.8011049723756906,BoulwareNegotiationParty@2,(Offer  bid:Bid[Food: Handmade Food, Drinks: Beer Only, Location: Your Dorm, Invitations: Plain, Music: MP3, Cleanup: Hired Help, ])
146,1,0.8066298342541437,RandomParty@0,(Offer  bid:Bid[Food: Handmade Food, Drinks: Handmade Cocktails, Location: Ballroom, Invitations: Custom, Printed, Music: MP3, Cleanup: Hired Help, ])
146,2,0.8066298342541437,RandomParty2@1,(Offer  bid:Bid[Food: Catering, Drinks: Beer Only, Location: Ballroom, Invitations: Photo, Music: MP3, Cleanup: Special Equiment, ])
146,3,0.8066298342541437,BoulwareNegotiationParty@2,(Offer  bid:Bid[Food: Catering, Drinks: Handmade Cocktails, Location: Party Room, Invitations: Plain, Music: MP3, Cleanup: Hired Help, ])
147,1,0.8121546961325967,RandomParty@0,(Offer  bid:Bid[Food: Catering, Drinks: Handmade Cocktails, Location: Ballroom, Invitations: Custom, Handmade, Music: MP3, Cleanup: Specialized Materials, ])
147,2,0.8121546961325967,RandomParty2@1,(Offer  bid:Bid[Food: Handmade Food, Drinks: Catering, Location: Party Room, Invitations: Custom, Handmade, Music: DJ, Cleanup: Specialized Materials, ])
147,3,0.8121546961325967,BoulwareNegotiationParty@2,(Offer  bid:Bid[Food: Handmade Food, Drinks: Non-Alcoholic, Location: Party Room, Invitations: Custom, Printed, Music: DJ, Cleanup: Specialized Materials, ])
148,1,0.8176795580110497,RandomParty@0,(Offer  bid:Bid[Food: Finger-Food, Drinks: Handmade Cocktails, Location: Party Tent, Invitations: Photo, Music: DJ, Cleanup: Special Equiment, ])
148,2,0.8176795580110497,RandomParty2@1,(Offer  bid:Bid[Food: Catering, Drinks: Beer Only, Location: Party Tent, Invitations: Custom, Handmade, Music: MP3, Cleanup: Hired Help, ])
148,3,0.8176795580110497,BoulwareNegotiationParty@2,(Accept  bid:Bid[Food: Catering, Drinks: Beer Only, Location: Party Tent, Invitations: Custom, Handmade, Music: MP3, Cleanup: Hired Help, ])
149,1,0.8232044198895028,RandomParty@0,(Offer  bid:Bid[Food: Finger-Food, Drinks: Handmade Cocktails, Location: Your Dorm, Invitations: Custom, Printed, Music: MP3, Cleanup: Hired Help, ])
149,2,0.8232044198895028,RandomParty2@1,(Offer  bid:Bid[Food: Finger-Food, Drinks: Catering, Location: Party Room, Invitations: Plain, Music: DJ, Cleanup: Hired Help, ])
149,3,0.8232044198895028,BoulwareNegotiationParty@2,(Offer  bid:Bid[Food: Catering, Drinks: Non-Alcoholic, Location: Party Room, Invitations: Custom, Handmade, Music: Band, Cleanup: Water and Soap, ])
150,1,0.8287292817679558,RandomParty@0,(Offer  bid:Bid[Food: Finger-Food, Drinks: Catering, Location: Party Room, Invitations: Photo, Music: Band, Cleanup: Specialized Materials, ])
150,2,0.8287292817679558,RandomParty2@1,(Offer  bid:Bid[Food: Catering, Drinks: Non-Alcoholic, Location: Your Dorm, Invitations: Plain, Music: DJ, Cleanup: Special Equiment, ])
150,3,0.8287292817679558,BoulwareNegotiationParty@2,(Accept  bid:Bid[Food: Catering, Drinks: Non-Alcoholic, Location: Your Dorm, Invitations: Plain, Music: DJ, Cleanup: Special Equiment, ])
151,1,0.8342541436464088,RandomParty@0,(Offer  bid:Bid[Food: Catering, Drinks: Beer Only, Location: Ballroom, Invitations: Custom, Printed, Music: MP3, Cleanup: Water and Soap, ])
151,2,0.8342541436464088,RandomParty2@1,(Offer  bid:Bid[Food: Finger-Food, Drinks: Handmade Cocktails, Location: Party Room, Invitations: Photo, Music: DJ, Cleanup: Hired Help, ])
151,3,0.8342541436464088,BoulwareNegotiationParty@2,(Accept  bid:Bid[Food: Finger-Food, Drinks: Handmade Cocktails, Location: Party Room, Invitations: Photo, Music: DJ, Cleanup: Hired Help, ])
152,1,0.8397790055248618,RandomParty@0,(Offer  bid:Bid[Food: Catering, Drinks: Catering, Location: Party Tent, Invitations: Custom, Handmade, Music: MP3, Cleanup: Special Equiment, ])
152,2,0.8397790055248618,RandomParty2@1,(Offer  bid:Bid[Food: Chips and Nuts, Drinks: Non-Alcoholic, Location: Party Room, Invitations: Photo, Music: Band, Cleanup: Hired Help, ])
152,3,0.8397790055248618,BoulwareNegotiationParty@2,(Accept  bid:Bid[Food: Chips and Nuts, Drinks: Non-Alcoholic, Location: Party Room, Invitations: Photo, Music: Band, Cleanup: Hired Help, ])
153,1,0.8453038674033149,RandomParty@0,(Offer  bid:Bid[Food: Handmade Food, Drinks: Handmade Cocktails, Location: Ballroom, Invitations: Custom, Handmade, Music: MP3, Cleanup: Hired Help, ])
153,2,0.8453038674033149,RandomParty2@1,(Offer  bid:Bid[Food: Handmade Food, Drinks: Handmade Cocktails, Location: Party Room, Invitations: Custom, Printed, Music: Band, Cleanup: Hired Help, ])
153,3,0.8453038674033149,BoulwareNegotiationParty@2,(Accept  bid:Bid[Food: Handmade Food, Drinks: Handmade Cocktails, Location: Party Room, Invitations: Custom, Printed, Music: Band, Cleanup: Hired Help, ])
154,1,0.850828729281768,RandomParty@0,(Offer  bid:Bid[Food: Handmade Food, Drinks: Non-Alcoholic, Location: Your Dorm, Invitations: Photo, Music: MP3, Cleanup: Hired Help, ])
154,2,0.850828729281768,RandomParty2@1,(Offer  bid:Bid[Food: Chips and Nuts, Drinks: Handmade Cocktails, Location: Party Tent, Invitations: Plain, Music: Band, Cleanup: Water and Soap, ])
154,3,0.850828729281768,BoulwareNegotiationParty@2,(Accept  bid:Bid[Food: Chips and Nuts, Drinks: Handmade Cocktails, Location: Party Tent, Invitations: Plain, Music: Band, Cleanup: Water and Soap, ])
155,1,0.856353591160221,RandomParty@0,(Offer  bid:Bid[Food: Finger-Food, Drinks: Non-Alcoholic, Location: Party Room, Invitations: Plain, Music: MP3, Cleanup: Hired Help, ])
155,2,0.856353591160221,RandomParty2@1,(Offer  bid:Bid[Food: Finger-Food, Drinks: Non-Alcoholic, Location: Your Dorm, Invitations: Plain, Music: DJ, Cleanup: Hired Help, ])
155,3,0.856353591160221,BoulwareNegotiationParty@2,(Accept  bid:Bid[Food: Finger-Food, Drinks: Non-Alcoholic, Location: Your Dorm, Invitations: Plain, Music: DJ, Cleanup: Hired Help, ])
156,1,0.861878453038674,RandomParty@0,(Offer  bid:Bid[Food: Handmade Food, Drinks: Beer Only, Location: Your Dorm, Invitations: Plain, Music: Band, Cleanup: Water and Soap, ])
156,2,0.861878453038674,RandomParty2@1,(Offer  bid:Bid[Food: Finger-Food, Drinks: Handmade Cocktails, Location: Ballroom, Invitations: Custom, Printed, Music: Band, Cleanup: Special Equiment, ])
156,3,0.861878453038674,BoulwareNegotiationParty@2,(Accept  bid:Bid[Food: Finger-Food, Drinks: Handmade Cocktails, Location: Ballroom, Invitations: Custom, Printed, Music: Band, Cleanup: Special Equiment, ])
157,1,0.8674033149171271,RandomParty@0,(Offer  bid:Bid[Food: Chips and Nuts, Drinks: Handmade Cocktails, Location: Ballroom, Invitations: Custom, Handmade, Music: DJ, Cleanup: Specialized Materials, ])
157,2,0.8674033149171271,RandomParty2@1,(Offer  bid:Bid[Food: Handmade Food, Drinks: Handmade Cocktails, Location: Party Tent, Invitations: Photo, Music: Band, Cleanup: Hired Help, ])
157,3,0.8674033149171271,BoulwareNegotiationParty@2,(Accept  bid:Bid[Food: Handmade Food, Drinks: Handmade Cocktails, Location: Party Tent, Invitations: Photo, Music: Band, Cleanup: Hired Help, ])
158,1,0.8729281767955801,RandomParty@0,(Offer  bid:Bid[Food: Finger-Food, Drinks: Beer Only, Location: Party Room, Invitations: Custom, Printed, Music: MP3, Cleanup: Hired Help, ])
158,2,0.8729281767955801,RandomParty2@1,(Offer  bid:Bid[Food: Catering, Drinks: Non-Alcoholic, Location: Your Dorm, Invitations: Custom, Printed, Music: Band, Cleanup: Specialized Materials, ])
158,3,0.8729281767955801,BoulwareNegotiationParty@2,(Accept  bid:Bid[Food: Catering, Drinks: Non-Alcoholic, Location: Your Dorm, Invitations: Custom, Printed, Music: Band, Cleanup: Specialized Materials, ])
159,1,0.8784530386740331,RandomParty@0,(Offer  bid:Bid[Food: Handmade Food, Drinks: Non-Alcoholic, Location: Party Room, Invitations: Plain, Music: DJ, Cleanup: Water and Soap, ])
159,2,0.8784530386740331,RandomParty2@1,(Offer  bid:Bid[Food: Chips and Nuts, Drinks: Catering, Location: Party Tent, Invitations: Photo, Music: DJ, Cleanup: Hired Help, ])
159,3,0.8784530386740331,BoulwareNegotiationParty@2,(Accept  bid:Bid[Food: Chips and Nuts, Drinks: Catering, Location: Party Tent, Invitations: Photo, Music: DJ, Cleanup: Hired Help, ])
160,1,0.8839779005524862,RandomParty@0,(Offer  bid:Bid[Food: Handmade Food, Drinks: Beer Only, Location: Party Room, Invitations: Custom, Handmade, Music: DJ, Cleanup: Specialized Materials, ])
160,2,0.8839779005524862,RandomParty2@1,(Offer  bid:Bid[Food: Catering, Drinks: Catering, Location: Party Room, Invitations: Custom, Handmade, Music: DJ, Cleanup: Specialized Materials, ])
160,3,0.8839779005524862,BoulwareNegotiationParty@2,(Offer  bid:Bid[Food: Catering, Drinks: Catering, Location: Party Room, Invitations: Plain, Music: DJ, Cleanup: Water and Soap, ])
161,1,0.8895027624309392,RandomParty@0,(Offer  bid:Bid[Food: Catering, Drinks: Handmade Cocktails, Location: Party Tent, Invitations: Plain, Music: Band, Cleanup: Hired Help, ])
161,2,0.8895027624309392,RandomParty2@1,(Offer  bid:Bid[Food: Catering, Drinks: Beer Only, Location: Ballroom, Invitations: Photo, Music: MP3, Cleanup: Specialized Materials, ])
161,3,0.8895027624309392,BoulwareNegotiationParty@2,(Accept  bid:Bid[Food: Catering, Drinks: Beer Only, Location: Ballroom, Invitations: Photo, Music: MP3, Cleanup: Specialized Materials, ])
162,1,0.8950276243093923,RandomParty@0,(Offer  bid:Bid[Food: Handmade Food, Drinks: Catering, Location: Ballroom, Invitations: Photo, Music: DJ, Cleanup: Water and Soap, ])
162,2,0.8950276243093923,RandomParty2@1,(Offer  bid:Bid[Food: Handmade Food, Drinks: Handmade Cocktails, Location: Your Dorm, Invitations: Plain, Music: DJ, Cleanup: Hired Help, ])
162,3,0.8950276243093923,BoulwareNegotiationParty@2,(Accept  bid:Bid[Food: Handmade Food, Drinks: Handmade Cocktails, Location: Your Dorm, Invitations: Plain, Music: DJ, Cleanup: Hired Help, ])
163,1,0.9005524861878453,RandomParty@0,(Accept  bid:Bid[Food: Handmade Food, Drinks: Handmade Cocktails, Location: Your Dorm, Invitations: Plain, Music: DJ, Cleanup: Hired Help, ])
agreement,Bid[Food: Handmade Food, Drinks: Handmade Cocktails, Location: Your Dorm, Invitations: Plain, Music: DJ, Cleanup: Hired Help, ],0.5966666666666667,0.6043536509272983,0.7603112675465377
